nose-x,nose-y,left_eye-x,left_eye-y,right_eye-x,right_eye-y,left_ear-x,left_ear-y,right_ear-x,right_ear-y,left_shoulder-x,left_shoulder-y,right_shoulder-x,right_shoulder-y,head_angle,shoulder_angle,class
0.49539015,0.50586665,0.5422367,0.46222085,0.4498749,0.46069717,0.5997199,0.49219245,0.38999403,0.48754135,0.7370905,0.75770736,0.24355951,0.7526855,-0.011111111111111112,-0.011111111111111112,center
0.49740678,0.5093333,0.54629296,0.46265748,0.4511121,0.46214706,0.60366315,0.49246207,0.39057562,0.4883586,0.73554194,0.7576871,0.24466036,0.75378585,-0.011111111111111112,0.0,center
0.4990302,0.5091876,0.5470808,0.46282646,0.4529368,0.46200427,0.6035704,0.49248523,0.3923907,0.48614636,0.73746973,0.7620505,0.24036008,0.75153095,-0.011111111111111112,-0.011111111111111112,center
0.50136393,0.50881445,0.5489927,0.4616493,0.45465174,0.4610573,0.6049171,0.4885741,0.39107153,0.4843757,0.7381588,0.76108575,0.24367008,0.7515963,0.0,-0.011111111111111112,center
0.50437623,0.5097064,0.55139107,0.46355125,0.4582751,0.46223328,0.60815877,0.49222565,0.3952755,0.4875017,0.74224603,0.7585662,0.24817006,0.7477862,-0.011111111111111112,-0.011111111111111112,center
0.59541374,0.5323469,0.65110797,0.52326685,0.57528603,0.46687815,0.681152,0.5813666,0.47601834,0.4606636,0.7362455,0.7654769,0.25112495,0.74144715,-0.4111111111111111,-0.03333333333333333,left
0.5979081,0.52577364,0.6508373,0.5232875,0.5755104,0.46628165,0.6786508,0.58735013,0.4745,0.46106398,0.7368463,0.7668774,0.25209498,0.7416929,-0.4111111111111111,-0.03333333333333333,left
0.5945995,0.5312944,0.6494795,0.52365017,0.5742132,0.46732527,0.6787925,0.5858387,0.47427583,0.46089596,0.7360842,0.76497144,0.2507303,0.74046457,-0.4111111111111111,-0.03333333333333333,left
0.5942926,0.5329087,0.6496048,0.52373195,0.5728432,0.46917713,0.6798751,0.58168817,0.47554356,0.46031797,0.7371051,0.7672909,0.25239635,0.73893625,-0.4,-0.044444444444444446,left
0.59652567,0.53179497,0.65182,0.5229581,0.57596534,0.46643177,0.68140554,0.58049875,0.47598743,0.46015295,0.73702985,0.7654022,0.25394925,0.7393227,-0.4,-0.03333333333333333,left
0.5964581,0.53259134,0.6528258,0.5224795,0.5739437,0.46945655,0.6836463,0.5797869,0.47715685,0.4636027,0.7369367,0.7660417,0.25340152,0.73862743,-0.37777777777777777,-0.03333333333333333,left
0.59500176,0.5274897,0.6506909,0.5219273,0.5743449,0.46603182,0.68020666,0.58321446,0.47692305,0.46145058,0.7371038,0.76610774,0.25035256,0.73884916,-0.4,-0.03333333333333333,left
0.38539615,0.5168372,0.4020234,0.4616556,0.3340912,0.52335244,0.49367648,0.45726913,0.3105663,0.5902647,0.7334528,0.73811305,0.254923,0.74987155,0.4666666666666667,0.011111111111111112,right
0.38417196,0.51853526,0.40082806,0.4625644,0.33228692,0.5248735,0.49357462,0.4552279,0.3090517,0.5911207,0.7344666,0.7367009,0.25048614,0.7528838,0.4666666666666667,0.022222222222222223,right
0.38729408,0.5174281,0.4022809,0.4619306,0.3351501,0.52407384,0.49235833,0.45182502,0.3112148,0.5910215,0.7353104,0.73856515,0.25141487,0.75189394,0.4777777777777778,0.022222222222222223,right
0.3840311,0.5196917,0.40072364,0.4628665,0.33302003,0.5254709,0.49315464,0.45596617,0.31046978,0.5894972,0.7378357,0.7398992,0.25776324,0.75283283,0.4777777777777778,0.011111111111111112,right
0.38463578,0.5177047,0.40082163,0.46133578,0.33376676,0.5236938,0.49319553,0.45516282,0.31090868,0.58968294,0.7363967,0.73898834,0.24995779,0.75293154,0.4777777777777778,0.022222222222222223,right
0.38555562,0.5169235,0.40234327,0.4613452,0.33394656,0.5225392,0.4931121,0.45616898,0.31033877,0.5905576,0.73550296,0.736718,0.25424823,0.75086606,0.4666666666666667,0.022222222222222223,right
0.52981734,0.48581704,0.5790762,0.44760102,0.487372,0.44184637,0.6358395,0.4952989,0.42288345,0.4802931,0.76370394,0.7640335,0.27475762,0.743062,-0.044444444444444446,-0.022222222222222223,center
0.40356195,0.5020538,0.42474613,0.44594288,0.35525057,0.5078504,0.5117779,0.45274076,0.32975438,0.5828817,0.74676234,0.74365526,0.26316428,0.7515244,0.4666666666666667,0.011111111111111112,right
0.5283959,0.48474455,0.57757187,0.4488677,0.48523718,0.44091487,0.6340616,0.4980619,0.42185807,0.47810632,0.7603536,0.7660617,0.2720572,0.7471251,-0.05555555555555555,-0.022222222222222223,center
0.63445836,0.5078661,0.6861054,0.5109146,0.61430484,0.45502132,0.7048527,0.58275944,0.51715416,0.45064655,0.75587606,0.7765227,0.27327946,0.7308141,-0.4111111111111111,-0.05555555555555555,left
0.63455975,0.5142362,0.68567336,0.5137206,0.6147725,0.45688492,0.70532626,0.5840373,0.5187313,0.45170566,0.7563905,0.7793506,0.27576,0.73073965,-0.43333333333333335,-0.06666666666666667,left
0.50561297,0.48534316,0.55032325,0.4462526,0.4604987,0.4453655,0.6088308,0.48632997,0.3981493,0.48848948,0.7502414,0.7590224,0.25706416,0.75702393,0.0,0.0,center
0.3938196,0.5034953,0.41124633,0.44756612,0.34504402,0.50940746,0.501331,0.45126417,0.3192831,0.5875071,0.73734206,0.73538494,0.2614174,0.75688004,0.4777777777777778,0.03333333333333333,right
0.5138269,0.49983367,0.56065625,0.45748428,0.46860927,0.45428696,0.61748254,0.49255228,0.4065653,0.4866919,0.7508454,0.75872636,0.26542643,0.7540634,-0.022222222222222223,-0.011111111111111112,center
0.62817866,0.51533324,0.6805948,0.5174734,0.6071554,0.4609792,0.70484346,0.5959227,0.51608646,0.45579898,0.7575694,0.7786899,0.2788266,0.72600144,-0.4111111111111111,-0.06666666666666667,left
0.6274396,0.51778835,0.68016535,0.52123535,0.60759926,0.4630907,0.70485866,0.5937057,0.5171386,0.4578365,0.7563672,0.7800521,0.27951545,0.7305668,-0.4222222222222222,-0.06666666666666667,left
0.51511186,0.48917934,0.56448674,0.45126554,0.47490022,0.44596514,0.6209547,0.49703434,0.41102386,0.48162347,0.7512528,0.7579078,0.2628384,0.75499994,-0.03333333333333333,0.0,center
0.397844,0.502235,0.4186983,0.44749784,0.3494793,0.50698894,0.5099749,0.4528652,0.3276736,0.58437806,0.7418177,0.7470722,0.26039374,0.7526479,0.45555555555555555,0.011111111111111112,right
0.52989906,0.48539144,0.5773978,0.44688928,0.48586747,0.4442397,0.6340574,0.49230006,0.42212474,0.486341,0.76159537,0.7632172,0.27873665,0.7471841,-0.022222222222222223,-0.022222222222222223,center
0.634388,0.54288626,0.6848826,0.5305099,0.6151084,0.4843332,0.70626,0.57982355,0.5162081,0.46260348,0.759384,0.7773037,0.27914828,0.737655,-0.37777777777777777,-0.05555555555555555,left
0.51681876,0.49031,0.5632551,0.45065337,0.47352707,0.44899067,0.61855876,0.49143922,0.4107914,0.48447132,0.7529555,0.75630677,0.26178265,0.754281,-0.011111111111111112,0.0,center
0.417402,0.493036,0.444631,0.43971115,0.36750755,0.49502027,0.5327362,0.45695436,0.33858913,0.57561415,0.74652064,0.75183487,0.2626479,0.7584372,0.4,0.011111111111111112,right
0.5426932,0.49002495,0.5897032,0.4531827,0.49666288,0.44951564,0.64354575,0.49337578,0.43048123,0.48368526,0.7620502,0.76431584,0.28110746,0.7505628,-0.03333333333333333,-0.022222222222222223,center
0.6132028,0.52365613,0.66911125,0.5205888,0.5950482,0.46806514,0.7001453,0.58497894,0.51346725,0.45578343,0.76020384,0.7793583,0.27907798,0.7348301,-0.3888888888888889,-0.05555555555555555,left
0.5051393,0.48947558,0.5494359,0.4499623,0.4622982,0.45280975,0.6099733,0.48587817,0.4037669,0.48990563,0.7488072,0.76215553,0.25890082,0.7554612,0.022222222222222223,-0.011111111111111112,center
0.5110647,0.44839457,0.5641276,0.4067555,0.45682433,0.40475458,0.6249277,0.45873764,0.38641465,0.45498064,0.7664939,0.75977653,0.23517706,0.7643859,-0.011111111111111112,0.011111111111111112,center
0.42200005,0.44575474,0.45242733,0.3906411,0.3683515,0.4404922,0.55319935,0.4109845,0.33530965,0.52485794,0.7814528,0.75337553,0.2558033,0.7491619,0.3333333333333333,-0.011111111111111112,right
0.5453394,0.44236302,0.5990735,0.40744436,0.4954563,0.3984307,0.6546303,0.4701064,0.42017788,0.44992417,0.79094535,0.7697325,0.25750864,0.74485993,-0.05555555555555555,-0.03333333333333333,center
0.598541,0.46029449,0.65840006,0.46374747,0.57350063,0.4022463,0.6898488,0.546598,0.474164,0.4235708,0.76693654,0.7726196,0.24691151,0.73978317,-0.4,-0.044444444444444446,left
0.5071718,0.4503481,0.56232464,0.407519,0.45551026,0.40727055,0.62744945,0.45765072,0.39062554,0.45514938,0.7782405,0.76455826,0.23702139,0.75850993,0.0,-0.011111111111111112,center
0.59008545,0.47810796,0.65126085,0.4752807,0.5646229,0.4192071,0.6881821,0.55702055,0.47552344,0.42868233,0.779085,0.775385,0.24793805,0.7383222,-0.36666666666666664,-0.044444444444444446,left
0.50532866,0.4590274,0.56288177,0.41382596,0.45731702,0.4114907,0.6298696,0.46038336,0.39432314,0.4554422,0.7780466,0.7630458,0.24044463,0.7545688,-0.011111111111111112,-0.011111111111111112,center
0.42415226,0.4633656,0.44938347,0.40466,0.36697686,0.46136397,0.55052173,0.41266453,0.33680725,0.541196,0.78328544,0.75060785,0.26547155,0.75218713,0.3888888888888889,0.0,right
0.5388333,0.45393458,0.593796,0.41470882,0.49008787,0.40760198,0.6515523,0.46897823,0.41563448,0.4505728,0.78271216,0.7690231,0.24970874,0.7477484,-0.044444444444444446,-0.022222222222222223,center
0.5840504,0.48252788,0.6473759,0.47371885,0.5589591,0.42020813,0.68353516,0.5520439,0.47283223,0.42808047,0.7724888,0.77194,0.24746618,0.742166,-0.35555555555555557,-0.03333333333333333,left
0.51261646,0.45345002,0.5666046,0.4127308,0.46251875,0.40847573,0.6319368,0.46121237,0.3965493,0.45797443,0.7805753,0.7639247,0.24191235,0.7553229,-0.03333333333333333,-0.011111111111111112,center
0.42515412,0.4524732,0.45624423,0.39416483,0.3703995,0.44589606,0.5570857,0.41295546,0.3389064,0.52933943,0.78144693,0.75705874,0.25757536,0.75007063,0.34444444444444444,-0.011111111111111112,right
0.5306647,0.44917285,0.5856379,0.40928334,0.48235354,0.40503418,0.64555776,0.46781623,0.4133519,0.45886248,0.79030037,0.76508886,0.25296235,0.7471919,-0.022222222222222223,-0.022222222222222223,center
0.5977499,0.46849722,0.6575091,0.4634547,0.57196116,0.40651017,0.68899935,0.5488051,0.47324026,0.426158,0.7838377,0.77069026,0.2503606,0.7370856,-0.37777777777777777,-0.044444444444444446,left
0.5172825,0.4495777,0.5707525,0.40616214,0.46609637,0.40601856,0.6359136,0.4613284,0.39995164,0.45767128,0.78081954,0.7645842,0.24532713,0.75705063,0.0,-0.011111111111111112,center
0.6527589,0.64329374,0.70812106,0.60860515,0.62653387,0.5753398,0.73672825,0.6013893,0.52534115,0.4866963,0.7596728,0.7712506,0.2613156,0.7387191,-0.24444444444444444,-0.044444444444444446,wrong-left-forward
0.40916216,0.62711114,0.4438911,0.5551318,0.3596239,0.5875003,0.5491386,0.49141207,0.34411559,0.5851847,0.80109924,0.75894743,0.2680489,0.7434271,0.23333333333333334,-0.022222222222222223,wrong-right-forward
0.42871386,0.5158229,0.45334914,0.44584128,0.37010396,0.50849324,0.54554355,0.43782538,0.3353817,0.5706455,0.78491753,0.7505445,0.27574366,0.67883164,0.4111111111111111,-0.08888888888888889,wrong-right-shoulder
0.42654297,0.5169149,0.45422935,0.4477995,0.36820433,0.5096938,0.5478737,0.4431501,0.3352933,0.5734177,0.7808939,0.7554338,0.2777679,0.67324674,0.4,-0.1,wrong-right-shoulder
0.55927163,0.49308744,0.6295483,0.47996888,0.5397616,0.42633227,0.67283124,0.546711,0.4629989,0.42330784,0.75699425,0.6926934,0.2625088,0.7246077,-0.35555555555555557,0.044444444444444446,wrong-left-shoulder
0.56512207,0.49336734,0.63342285,0.4788006,0.5440176,0.4261457,0.6747084,0.5485826,0.46262276,0.42519134,0.7579894,0.69068784,0.26408017,0.7259176,-0.34444444444444444,0.044444444444444446,wrong-left-shoulder
0.6685574,0.6387751,0.71800894,0.61956424,0.6470618,0.5621852,0.73757803,0.63801736,0.5395018,0.4759568,0.75521135,0.78033626,0.2616487,0.7427109,-0.43333333333333335,-0.044444444444444446,wrong-left-forward
0.6637064,0.63966703,0.7186144,0.61720204,0.645515,0.56951135,0.744592,0.63082546,0.5502162,0.4749663,0.7570719,0.77344644,0.2638988,0.73627925,-0.37777777777777777,-0.044444444444444446,wrong-left-forward
0.5069461,0.45449114,0.5598937,0.4133741,0.45820332,0.409181,0.62033045,0.4631169,0.39036804,0.4528441,0.7675376,0.75627977,0.24125537,0.7538554,-0.03333333333333333,0.0,center
0.47410703,0.4739884,0.51930225,0.4432136,0.4377812,0.44098657,0.5797435,0.48905274,0.38767213,0.47906962,0.70530444,0.7360207,0.25407055,0.7341013,-0.011111111111111112,0.0,center
0.4727552,0.47377646,0.5178813,0.44284216,0.43693182,0.43870386,0.57778585,0.48903397,0.38445532,0.48014435,0.70464516,0.73626393,0.25356418,0.7356585,-0.03333333333333333,0.0,center
0.56417537,0.5007222,0.6144505,0.49867767,0.5437786,0.45244947,0.63988495,0.56332463,0.461805,0.4548166,0.69853014,0.73985296,0.2510124,0.7231578,-0.37777777777777777,-0.022222222222222223,left
0.5664907,0.5028077,0.61648166,0.50037783,0.545989,0.4529778,0.6393385,0.56427586,0.45946252,0.45478627,0.7005584,0.742294,0.24837337,0.7254688,-0.3888888888888889,-0.022222222222222223,left
0.3961767,0.49044785,0.42410055,0.43754944,0.35000208,0.48796654,0.51171976,0.45409423,0.32729095,0.5585298,0.7053591,0.73156464,0.25450224,0.7347949,0.37777777777777777,0.0,right
0.39574698,0.4856229,0.42504716,0.43587178,0.35061094,0.4841107,0.5118187,0.4548397,0.32545552,0.55668,0.70448285,0.7342602,0.25366572,0.7372156,0.36666666666666664,0.0,right
0.50105536,0.4773849,0.5464451,0.4470961,0.46443358,0.4378795,0.60003257,0.4921917,0.40552124,0.47576773,0.71853644,0.740023,0.2635292,0.72995484,-0.07777777777777778,-0.011111111111111112,center
0.39844838,0.48706898,0.4260926,0.43567634,0.35317844,0.4899759,0.5130112,0.45327866,0.3305905,0.561111,0.712539,0.7307629,0.26098052,0.7354131,0.4111111111111111,0.011111111111111112,right
0.5797883,0.4926345,0.62844086,0.49514368,0.5618782,0.44559824,0.6525976,0.5615066,0.47801182,0.4544068,0.70821685,0.75079376,0.26722568,0.712674,-0.4,-0.05555555555555555,left
0.58134973,0.49104983,0.63045216,0.494832,0.5623349,0.44438222,0.65486145,0.56312954,0.47787654,0.45585766,0.70963275,0.74890554,0.26725626,0.71504503,-0.4,-0.044444444444444446,left
0.48407194,0.4804464,0.52963823,0.4458439,0.44535995,0.44401842,0.5872742,0.48775944,0.3880889,0.48403147,0.70474505,0.73988897,0.25521865,0.7312284,-0.011111111111111112,-0.011111111111111112,center
0.48601803,0.4801195,0.5306461,0.446015,0.4478942,0.44384843,0.58900833,0.4888965,0.39273572,0.4845845,0.70615435,0.74004364,0.25654286,0.7312496,-0.011111111111111112,-0.011111111111111112,center
0.38482785,0.48765227,0.4123343,0.4377017,0.3428149,0.49100226,0.5015891,0.4538041,0.3224305,0.5634518,0.70450395,0.721388,0.2579044,0.7314586,0.4222222222222222,0.011111111111111112,right
0.38546333,0.48829237,0.41284353,0.43799743,0.3426155,0.48938754,0.50182,0.45242763,0.32153094,0.5606346,0.7051654,0.7276989,0.25818112,0.72824055,0.4,0.0,right
0.5006977,0.47542173,0.5454972,0.44543847,0.46393248,0.4374288,0.5988776,0.49074057,0.40508723,0.4760782,0.7175971,0.74419844,0.2636311,0.7305378,-0.06666666666666667,-0.022222222222222223,center
0.5572845,0.49135563,0.6098315,0.49220565,0.5394068,0.4442275,0.6353221,0.5616901,0.46397918,0.45309678,0.705601,0.7422372,0.25749552,0.7238983,-0.3888888888888889,-0.022222222222222223,left
0.56500214,0.60655147,0.6199277,0.5848803,0.5484845,0.541043,0.6550406,0.6019268,0.4794473,0.48619762,0.70825607,0.7662672,0.25594634,0.7212874,-0.35555555555555557,-0.06666666666666667,wrong-left-forward
0.56183374,0.60757315,0.6167682,0.58545893,0.5455926,0.5430969,0.6552575,0.5990628,0.47759816,0.48718208,0.7051646,0.76110846,0.25530067,0.72313255,-0.34444444444444444,-0.05555555555555555,wrong-left-forward
0.5464374,0.5359974,0.60395855,0.5192453,0.53115916,0.47605225,0.63687897,0.5662915,0.4599284,0.45461205,0.6788021,0.6814262,0.25565085,0.7230427,-0.34444444444444444,0.05555555555555555,wrong-left-shoulder
0.5222899,0.52203655,0.5789628,0.5007967,0.49845323,0.4642557,0.6143846,0.54495734,0.4216966,0.465211,0.6658944,0.6597739,0.24804053,0.7298609,-0.26666666666666666,0.1111111111111111,wrong-left-shoulder
0.5257263,0.5223923,0.5818705,0.5013158,0.5009589,0.46458164,0.6136519,0.54414374,0.42397454,0.46495426,0.672189,0.6600554,0.24566416,0.7320205,-0.26666666666666666,0.1111111111111111,wrong-left-shoulder
0.60014653,0.658528,0.653835,0.635546,0.58177304,0.59840393,0.68805087,0.63687587,0.50988215,0.51406103,0.70375204,0.75258,0.24948704,0.7210789,-0.3111111111111111,-0.044444444444444446,wrong-left-forward
0.60227567,0.6543781,0.6533313,0.6315748,0.5822582,0.5942806,0.6851297,0.634783,0.5066983,0.51381254,0.70314586,0.75427586,0.2517521,0.7196443,-0.3111111111111111,-0.044444444444444446,wrong-left-forward
0.38622478,0.5234996,0.41101664,0.46865478,0.33842242,0.51668245,0.49535862,0.46215478,0.3092441,0.567528,0.69768155,0.7214339,0.25742534,0.6765203,0.36666666666666664,-0.06666666666666667,wrong-right-shoulder
0.38669974,0.524889,0.41074684,0.46918106,0.33879337,0.5177602,0.49452573,0.46046564,0.31008646,0.5674505,0.6972402,0.72179705,0.2628906,0.67687017,0.37777777777777777,-0.06666666666666667,wrong-right-shoulder
0.38637993,0.5262588,0.41138533,0.469767,0.33892822,0.5186979,0.49708372,0.460833,0.31223854,0.5664902,0.6991006,0.7226622,0.26124913,0.67743075,0.36666666666666664,-0.06666666666666667,wrong-right-shoulder
0.50233656,0.48071426,0.5452429,0.44789517,0.4651835,0.44272232,0.59914017,0.48780674,0.40712672,0.4800281,0.72001415,0.7362384,0.2693763,0.7251336,-0.03333333333333333,-0.011111111111111112,center
0.56731284,0.53716445,0.62212145,0.53002584,0.5529471,0.48156652,0.6553821,0.58031285,0.4809789,0.4619935,0.704805,0.7384349,0.25920233,0.71237534,-0.3888888888888889,-0.03333333333333333,left
0.41215143,0.506848,0.43515995,0.45467484,0.36471233,0.5037944,0.5251498,0.46151432,0.33814624,0.56460804,0.7150346,0.7373357,0.26238346,0.722096,0.3888888888888889,-0.022222222222222223,right
0.57082057,0.54702234,0.6260751,0.5429053,0.5610125,0.4903404,0.66127026,0.59654385,0.48942146,0.46672046,0.7050214,0.7478094,0.26167473,0.7095371,-0.4444444444444444,-0.05555555555555555,left
0.4017467,0.51944834,0.423507,0.46378872,0.35544825,0.51751345,0.512938,0.46227938,0.33366594,0.5710825,0.71363413,0.7372122,0.26335672,0.7231169,0.43333333333333335,-0.022222222222222223,right
0.5030968,0.49879664,0.5444639,0.45829374,0.4617805,0.45765847,0.59807324,0.4864548,0.4017531,0.48725942,0.71553373,0.73874456,0.26518655,0.72842634,-0.011111111111111112,-0.011111111111111112,center
0.5037048,0.49428856,0.5439271,0.456142,0.46205258,0.45485458,0.5979903,0.48663673,0.4023163,0.48646677,0.71828824,0.7395909,0.26270604,0.7289534,0.0,-0.011111111111111112,center
0.5021054,0.49477282,0.54366815,0.45633402,0.46032876,0.45517248,0.5977209,0.48462245,0.40131402,0.48821324,0.7150859,0.73780006,0.2642041,0.72679746,-0.011111111111111112,-0.011111111111111112,center
0.60356504,0.5346768,0.6533845,0.53404695,0.5894991,0.4787626,0.6756301,0.5930375,0.509478,0.46191612,0.7150181,0.75268567,0.27547768,0.7028053,-0.4444444444444444,-0.06666666666666667,left
0.4296755,0.5035991,0.4509233,0.45143774,0.3765431,0.50081176,0.5298296,0.46035087,0.34523112,0.5661831,0.7186938,0.7372053,0.26555818,0.72767293,0.37777777777777777,-0.011111111111111112,right
0.5052975,0.48782712,0.54670435,0.45160437,0.46556363,0.44994542,0.59959257,0.48730054,0.406439,0.4835539,0.71658826,0.7411091,0.26527864,0.723059,-0.022222222222222223,-0.022222222222222223,center
0.4834003,0.49220422,0.52619165,0.4563966,0.44515747,0.454332,0.58373046,0.48840487,0.39077726,0.48648787,0.7040029,0.7384795,0.25658122,0.7272832,-0.022222222222222223,-0.011111111111111112,center
0.48401666,0.4932735,0.52702487,0.45749223,0.44643357,0.4553675,0.58395326,0.48892966,0.39351898,0.48701122,0.7042404,0.7400051,0.25914407,0.7270162,-0.011111111111111112,-0.022222222222222223,center
0.48445636,0.49451828,0.5280188,0.4577735,0.44763526,0.45594588,0.5849364,0.488198,0.39360973,0.48634326,0.7042309,0.7390582,0.2571724,0.72671723,-0.011111111111111112,-0.011111111111111112,center
0.48336878,0.49516532,0.5262585,0.45831415,0.44513983,0.45683223,0.5849832,0.48767933,0.39123648,0.4855755,0.7052724,0.73736143,0.2569404,0.7243053,-0.011111111111111112,-0.022222222222222223,center
0.5757218,0.5207864,0.6302442,0.51516795,0.5594277,0.46846002,0.6589724,0.57954854,0.4823831,0.4628438,0.7045841,0.7423362,0.27002424,0.71157455,-0.37777777777777777,-0.044444444444444446,left
0.5707762,0.51926494,0.6255964,0.51525325,0.5588215,0.4658759,0.65601486,0.5816191,0.4844153,0.46145204,0.70275,0.74652374,0.27078578,0.7123615,-0.4,-0.05555555555555555,left
0.58535075,0.52039653,0.6380959,0.5219513,0.5720606,0.46866164,0.6664405,0.5828475,0.49591786,0.45943904,0.7085079,0.7513345,0.27660882,0.70912296,-0.4444444444444444,-0.06666666666666667,left
0.5862359,0.5199181,0.6397336,0.5212038,0.5729589,0.468292,0.66933453,0.5840609,0.49581215,0.46161664,0.7107285,0.75473803,0.2746905,0.70871156,-0.4222222222222222,-0.06666666666666667,left
0.38222975,0.50650233,0.40463838,0.45492312,0.33932808,0.50872564,0.49597052,0.45596883,0.32149547,0.5712875,0.70146483,0.7316173,0.2566768,0.728764,0.4444444444444444,0.0,right
0.3834732,0.5047201,0.40287718,0.45556095,0.33910608,0.50788754,0.49342626,0.45292547,0.3206284,0.5709841,0.7022368,0.73052007,0.25581032,0.7272109,0.4444444444444444,0.0,right
0.38635948,0.50506836,0.4074237,0.4550414,0.3417318,0.50744,0.49730733,0.45761862,0.32170945,0.5700027,0.70431507,0.7320269,0.2553406,0.7258458,0.4222222222222222,-0.011111111111111112,right
0.38882104,0.50549406,0.4084035,0.45455655,0.34365743,0.507068,0.4962111,0.45637575,0.32224032,0.56926286,0.7052339,0.73068905,0.25506195,0.72858304,0.43333333333333335,0.0,right
0.3893847,0.506344,0.40900964,0.4549071,0.3442537,0.5074003,0.49526176,0.45477965,0.32158998,0.5675131,0.7060237,0.7310719,0.25631988,0.72616976,0.43333333333333335,-0.011111111111111112,right
0.38975534,0.50469756,0.41293395,0.4535809,0.34575197,0.5043936,0.50299954,0.4566397,0.32398564,0.56570333,0.7031182,0.7326998,0.25730148,0.7271905,0.4111111111111111,-0.011111111111111112,right
0.59327984,0.6266713,0.6397231,0.59657776,0.57057655,0.57048887,0.6645519,0.59274566,0.48994395,0.5022718,0.7043797,0.750172,0.26304364,0.7179934,-0.2222222222222222,-0.044444444444444446,wrong-left-forward
0.594945,0.62760645,0.64146537,0.59823346,0.5725118,0.5743688,0.6648125,0.5912367,0.49004796,0.5043304,0.7037919,0.7487539,0.2629358,0.7193228,-0.2111111111111111,-0.044444444444444446,wrong-left-forward
0.49445218,0.47362792,0.53707176,0.4435012,0.4534521,0.4403844,0.59015286,0.4889997,0.3980246,0.484661,0.710689,0.73704654,0.2639989,0.7244064,-0.022222222222222223,-0.022222222222222223,center
0.4528472,0.46812108,0.5005643,0.4310495,0.40966904,0.42827755,0.5615408,0.47924417,0.3486119,0.4692928,0.70368785,0.75740355,0.2036106,0.7411811,-0.011111111111111112,-0.022222222222222223,center
0.45727333,0.4691249,0.5049537,0.4306229,0.4164424,0.42696133,0.5651325,0.4772474,0.35428604,0.46764064,0.70615005,0.7637374,0.20365725,0.7477717,-0.022222222222222223,-0.022222222222222223,center
0.5487471,0.5207726,0.60810024,0.51418376,0.5300235,0.46081877,0.64048254,0.57770187,0.44749603,0.44504943,0.70172685,0.7582936,0.21138382,0.732823,-0.3888888888888889,-0.03333333333333333,left
0.5404709,0.5195435,0.6052457,0.51145387,0.5260703,0.45752,0.6422658,0.5717789,0.44957766,0.44069797,0.7015579,0.76402646,0.20960826,0.73256296,-0.37777777777777777,-0.044444444444444446,left
0.392902,0.5106896,0.41851223,0.4491394,0.3386656,0.49774906,0.5104827,0.44633883,0.30989203,0.55300564,0.7209997,0.7511008,0.23199908,0.7421117,0.34444444444444444,-0.011111111111111112,right
0.39504433,0.50992006,0.41945273,0.44868818,0.33871105,0.49636322,0.50893277,0.44497085,0.30701175,0.5528829,0.7204328,0.7501357,0.22930644,0.7420959,0.3333333333333333,-0.011111111111111112,right
0.48613957,0.473657,0.53577447,0.43555278,0.44456914,0.43092546,0.5919525,0.48467916,0.38189137,0.47049242,0.7213419,0.75709903,0.23008913,0.7379079,-0.03333333333333333,-0.022222222222222223,center
0.47911108,0.47178,0.52771187,0.434825,0.43637875,0.43100303,0.5865391,0.48320836,0.3768661,0.46799734,0.7197561,0.7582285,0.22597338,0.7355808,-0.03333333333333333,-0.03333333333333333,center
0.39475685,0.48950997,0.42634878,0.43242148,0.34666365,0.48049265,0.5195445,0.4417211,0.32199284,0.54579544,0.7196543,0.7553528,0.24086455,0.7280139,0.34444444444444444,-0.03333333333333333,right
0.49482694,0.47761342,0.54245144,0.44297123,0.45131773,0.43536308,0.5980646,0.48540038,0.38692155,0.47011933,0.7220799,0.7588014,0.23435272,0.7380247,-0.05555555555555555,-0.022222222222222223,center
0.5505921,0.49488306,0.6054747,0.49671268,0.5310278,0.44485065,0.6348708,0.5689098,0.45050836,0.4429291,0.70503503,0.75869584,0.22601113,0.7274765,-0.3888888888888889,-0.044444444444444446,left
0.4690597,0.4729924,0.5176201,0.43482646,0.42879984,0.43244088,0.58038116,0.48043954,0.37155664,0.47020382,0.71642584,0.7575503,0.22380406,0.74273664,-0.022222222222222223,-0.022222222222222223,center
0.37131426,0.48752183,0.39576292,0.4303934,0.324489,0.4914681,0.49190724,0.43855554,0.29939237,0.5631891,0.71922743,0.7403808,0.2348574,0.733888,0.4444444444444444,-0.011111111111111112,right
0.4828121,0.46861818,0.5349443,0.4335696,0.44350868,0.4287189,0.595184,0.4860338,0.3844843,0.47205016,0.72140837,0.7575355,0.23775716,0.731261,-0.03333333333333333,-0.03333333333333333,center
0.5523918,0.48725516,0.60752124,0.48716423,0.53208715,0.43654495,0.63584286,0.56086034,0.44918892,0.4426325,0.70699453,0.7589281,0.2220524,0.73604983,-0.37777777777777777,-0.03333333333333333,left
0.46724555,0.4691337,0.51419073,0.4326791,0.4257122,0.42973956,0.5722411,0.48435673,0.3653154,0.4698441,0.71366715,0.75440246,0.22346999,0.74548733,-0.011111111111111112,-0.011111111111111112,center
0.38183752,0.48870012,0.406232,0.4306999,0.33330038,0.48685384,0.4981873,0.43825287,0.30446216,0.55641216,0.7160483,0.74749136,0.23193398,0.7379282,0.4222222222222222,-0.011111111111111112,right
0.4896772,0.47065246,0.5399386,0.43551672,0.44959232,0.42792004,0.59620005,0.4872453,0.3865837,0.4651354,0.7212065,0.7540051,0.2352074,0.73400295,-0.05555555555555555,-0.022222222222222223,center
0.56151223,0.48886007,0.61581546,0.49038333,0.5425067,0.43944824,0.64316154,0.56701416,0.4575712,0.44710246,0.7110178,0.76890624,0.22974575,0.73314273,-0.37777777777777777,-0.044444444444444446,left
0.5646861,0.6416048,0.61249125,0.604887,0.5379795,0.5857188,0.6392715,0.5882558,0.44491318,0.5062886,0.70244765,0.7516127,0.21285489,0.7410177,-0.16666666666666666,-0.011111111111111112,wrong-left-forward
0.5656958,0.6409311,0.6137923,0.60490406,0.53928864,0.5861212,0.6431288,0.5871948,0.44655538,0.5051311,0.7014352,0.75490385,0.21151286,0.741834,-0.15555555555555556,-0.022222222222222223,wrong-left-forward
0.56487095,0.63550323,0.6119282,0.6013026,0.5354564,0.582791,0.63782763,0.5844143,0.4432816,0.50888807,0.702559,0.75257945,0.21508396,0.7377311,-0.15555555555555556,-0.022222222222222223,wrong-left-forward
0.55690336,0.50799596,0.6098422,0.49755526,0.53604364,0.4517244,0.63527983,0.54850644,0.4451717,0.4426503,0.68501043,0.69863397,0.21636516,0.7394478,-0.35555555555555557,0.05555555555555555,wrong-left-shoulder
0.55739063,0.50851107,0.6100213,0.4987709,0.53597254,0.45202953,0.6346691,0.54937065,0.44231108,0.44381905,0.68653244,0.699661,0.22217059,0.74046576,-0.36666666666666664,0.05555555555555555,wrong-left-shoulder
0.36506382,0.5245921,0.38944772,0.46402058,0.31508285,0.5185979,0.4807466,0.45655584,0.2868627,0.570302,0.712038,0.73735803,0.23427315,0.69049096,0.4,-0.06666666666666667,wrong-right-shoulder
0.36153618,0.52661204,0.38258925,0.46978638,0.31059575,0.522508,0.47854778,0.458441,0.2841711,0.574606,0.7115393,0.7342212,0.23548572,0.69204307,0.4,-0.05555555555555555,wrong-right-shoulder
0.36308607,0.5252621,0.3845726,0.46858376,0.3137677,0.5200621,0.4794734,0.4558209,0.28916457,0.5727366,0.7096534,0.7341763,0.23702152,0.6903779,0.4,-0.05555555555555555,wrong-right-shoulder
0.48412257,0.46683007,0.53137493,0.42996055,0.4424743,0.4284661,0.5893593,0.4782826,0.3836461,0.47393006,0.726043,0.73468405,0.23442918,0.7240215,-0.011111111111111112,-0.011111111111111112,center
0.47536603,0.46695447,0.52286464,0.43107757,0.4353996,0.42896292,0.5838601,0.4797642,0.3792138,0.47249344,0.7196287,0.73482215,0.2304705,0.73088366,-0.011111111111111112,-0.011111111111111112,center
0.5728848,0.49273878,0.6245294,0.4958572,0.55392015,0.44286895,0.6466269,0.57038105,0.4628045,0.4468686,0.70529443,0.7559826,0.23223227,0.72991496,-0.4111111111111111,-0.03333333333333333,left
0.3754715,0.49920097,0.3965208,0.4444884,0.3288495,0.50354123,0.49326223,0.44488347,0.30568781,0.56493336,0.7196528,0.7399107,0.24088028,0.7339146,0.45555555555555555,-0.011111111111111112,right
0.48546302,0.47278512,0.53408796,0.43515676,0.4437524,0.4329475,0.59305054,0.48070076,0.38392815,0.4736313,0.72199893,0.75830555,0.23878391,0.7330411,-0.011111111111111112,-0.03333333333333333,center
0.4823922,0.4744161,0.5384734,0.42620414,0.42958072,0.4212965,0.6079996,0.46771255,0.36223716,0.45535314,0.7460322,0.7720142,0.21114515,0.75217175,-0.022222222222222223,-0.022222222222222223,center
0.48411277,0.47473177,0.53948563,0.426932,0.43276054,0.42178902,0.6085566,0.4686002,0.36515254,0.45533657,0.7487856,0.77214235,0.21422923,0.7526075,-0.03333333333333333,-0.022222222222222223,center
0.48317927,0.4785344,0.54020363,0.42770183,0.4323207,0.42266962,0.6089653,0.46914327,0.36215279,0.45613125,0.7471815,0.77244747,0.21119699,0.75852966,-0.022222222222222223,-0.022222222222222223,center
0.35303068,0.5063285,0.38426888,0.4399935,0.30237988,0.49521723,0.51316875,0.42746097,0.28650147,0.5433111,0.76292586,0.7676116,0.22553176,0.7519876,0.37777777777777777,-0.022222222222222223,right
0.35615125,0.5004674,0.39048642,0.43210262,0.30501997,0.49145234,0.5105081,0.4286971,0.28509814,0.54394484,0.7560534,0.7650202,0.2271029,0.74902993,0.3888888888888889,-0.022222222222222223,right
0.58504426,0.5063689,0.6484047,0.5068963,0.5628522,0.44386148,0.68676764,0.5906678,0.46153063,0.44185314,0.74921995,0.78733426,0.2068511,0.74173427,-0.4111111111111111,-0.05555555555555555,left
0.58876544,0.50685346,0.6512366,0.50852,0.5671444,0.44371074,0.6868521,0.5956126,0.46503022,0.44169337,0.73739374,0.7835876,0.21657458,0.7373691,-0.4222222222222222,-0.05555555555555555,left
0.4850345,0.46306106,0.5403982,0.41318136,0.43126005,0.4137777,0.6120031,0.45952988,0.36378035,0.45801762,0.752836,0.77328163,0.2152261,0.763825,0.0,-0.011111111111111112,center
0.57949924,0.5082813,0.6433903,0.5074393,0.5591182,0.44291332,0.6857679,0.5877947,0.45869732,0.43384856,0.74876124,0.78659374,0.21999575,0.7386256,-0.4111111111111111,-0.05555555555555555,left
0.36904088,0.5002065,0.3950953,0.43454346,0.31191203,0.50435907,0.5052274,0.42537183,0.28441384,0.56590104,0.75321954,0.76411295,0.2290784,0.7581338,0.4444444444444444,-0.011111111111111112,right
0.3771409,0.4957389,0.4011095,0.42931825,0.31943,0.49560636,0.5117654,0.42660245,0.28702784,0.5636671,0.7513729,0.7664038,0.23166548,0.75237435,0.4444444444444444,-0.022222222222222223,right
0.5038248,0.46741083,0.5619448,0.41830713,0.453178,0.41471785,0.6280991,0.46812853,0.38404873,0.4567963,0.75725794,0.77519804,0.23487847,0.74806184,-0.022222222222222223,-0.03333333333333333,center
0.5943401,0.5006626,0.65340084,0.4996735,0.5716404,0.43378067,0.6906804,0.5812528,0.4704874,0.43477702,0.7518076,0.78791016,0.22262317,0.73846847,-0.4222222222222222,-0.05555555555555555,left
0.40321127,0.49526754,0.42994076,0.42940515,0.3446139,0.4881335,0.53356445,0.4280265,0.31180668,0.5580316,0.755474,0.7701614,0.23364109,0.7529084,0.3888888888888889,-0.022222222222222223,right
0.5153299,0.4612117,0.57367116,0.41661838,0.4681556,0.4071037,0.6345289,0.47273088,0.39607054,0.45111296,0.7627387,0.7796345,0.23577613,0.75423926,-0.05555555555555555,-0.03333333333333333,center
0.5061552,0.46215808,0.5637955,0.41464335,0.45549718,0.41051936,0.6299067,0.46358183,0.38469034,0.45622203,0.7527988,0.7722389,0.22890091,0.7519704,-0.022222222222222223,-0.022222222222222223,center
0.5242707,0.47027305,0.57803875,0.42772976,0.47743055,0.42104593,0.6346993,0.48057714,0.4061429,0.46619114,0.7569928,0.7769638,0.25113028,0.7383694,-0.044444444444444446,-0.044444444444444446,center
0.4238054,0.46797493,0.47438338,0.41895375,0.37233388,0.41834617,0.53855455,0.4637345,0.29520294,0.45908168,0.6735686,0.7618754,0.14590679,0.7451234,-0.011111111111111112,-0.022222222222222223,center
0.42558622,0.46806696,0.47545364,0.42039198,0.3713305,0.42018813,0.53849846,0.46476376,0.2967171,0.46098226,0.6755879,0.7639734,0.14504442,0.74469644,-0.011111111111111112,-0.022222222222222223,center
0.30871326,0.47426274,0.34158674,0.41291997,0.25547248,0.47042325,0.4444535,0.42354473,0.22835049,0.54224837,0.67101043,0.7525151,0.15177986,0.74720234,0.37777777777777777,-0.011111111111111112,right
0.5239567,0.47731656,0.58187187,0.4827777,0.5018422,0.42311612,0.6086399,0.5769616,0.4056041,0.42872277,0.67385864,0.7724523,0.1486983,0.73798513,-0.4111111111111111,-0.044444444444444446,left
0.52757806,0.47612154,0.5855902,0.48218703,0.50522274,0.42130515,0.6112161,0.5735488,0.40949327,0.43006623,0.67384636,0.7721664,0.15497026,0.73505074,-0.4111111111111111,-0.044444444444444446,left
0.30847707,0.4785983,0.33502245,0.41570663,0.25322378,0.481376,0.43238416,0.42203602,0.22549385,0.5600542,0.67354256,0.74904525,0.15081327,0.7510245,0.43333333333333335,0.0,right
0.43479928,0.46200767,0.49197114,0.41796723,0.38707346,0.41429484,0.55960774,0.47170085,0.32047337,0.45714495,0.689877,0.77693594,0.16047695,0.7402095,-0.022222222222222223,-0.044444444444444446,center
0.5161362,0.5025102,0.5796284,0.49749303,0.49645382,0.43984523,0.6182939,0.57675594,0.41031075,0.43185365,0.6880648,0.7756024,0.16664773,0.72969335,-0.3888888888888889,-0.05555555555555555,left
0.5148628,0.50540984,0.5778694,0.499332,0.4967282,0.4420692,0.6164433,0.5793628,0.40958288,0.43152678,0.6881364,0.7812062,0.16645119,0.7320021,-0.3888888888888889,-0.05555555555555555,left
0.378853,0.46566856,0.43455783,0.41828054,0.3316713,0.41999137,0.5074657,0.46140775,0.2735318,0.46254835,0.65978986,0.75533855,0.12409995,0.75476086,0.011111111111111112,0.0,center
0.38457465,0.4662567,0.43900943,0.4205472,0.33826926,0.41927096,0.5113916,0.4650126,0.27631858,0.45995122,0.6589434,0.75852996,0.12753877,0.7530428,-0.011111111111111112,-0.011111111111111112,center
0.54194814,0.4705534,0.59450394,0.4252338,0.49137735,0.42310458,0.6572509,0.47302637,0.42116323,0.4666603,0.81282204,0.7773697,0.2801584,0.7563796,-0.022222222222222223,-0.022222222222222223,center
0.5416267,0.46977717,0.59304017,0.4249734,0.49152872,0.42371225,0.6574359,0.4703027,0.42252767,0.4670222,0.8141598,0.7743042,0.2786623,0.7555858,0.0,-0.022222222222222223,center
0.54492545,0.46886867,0.59840536,0.42462778,0.49730846,0.42289355,0.6654368,0.47240096,0.43148655,0.4677078,0.81963694,0.7783482,0.29073456,0.7533807,-0.011111111111111112,-0.03333333333333333,center
0.5465469,0.46770003,0.60176516,0.42426357,0.49829182,0.42340353,0.6698607,0.47411102,0.43290728,0.46703574,0.82000417,0.781517,0.29346693,0.75309694,-0.011111111111111112,-0.03333333333333333,center
0.4456079,0.4747547,0.48063242,0.41805705,0.39541754,0.4678404,0.59384036,0.43166068,0.37294555,0.5386087,0.82275283,0.7772146,0.29489812,0.75663215,0.34444444444444444,-0.022222222222222223,right
0.6168304,0.5036003,0.6795609,0.49915054,0.5976289,0.4403017,0.71149874,0.58062506,0.5097472,0.4339855,0.8009715,0.77899843,0.2784404,0.74346346,-0.4,-0.044444444444444446,left
0.45597607,0.4939935,0.48293367,0.43215287,0.39807743,0.4911474,0.5831069,0.43754077,0.37201998,0.5664061,0.8135009,0.7695914,0.3001165,0.75343543,0.3888888888888889,-0.022222222222222223,right
0.4520256,0.4940185,0.48083773,0.43174204,0.39740118,0.4911136,0.58507943,0.43731678,0.3714774,0.56456304,0.81552327,0.7760134,0.29861602,0.75503445,0.4,-0.022222222222222223,right
0.63459444,0.5074306,0.69706047,0.5027178,0.61159855,0.44275278,0.7262302,0.5824497,0.51745343,0.43438637,0.7979986,0.78098375,0.28089005,0.74428445,-0.3888888888888889,-0.044444444444444446,left
0.63742596,0.5083947,0.6976915,0.50359344,0.6163594,0.44286108,0.7225161,0.5823607,0.5190968,0.43577552,0.79639876,0.78165054,0.27898964,0.7460057,-0.4111111111111111,-0.044444444444444446,left
0.43975884,0.48204446,0.4683886,0.42207474,0.38598073,0.47988895,0.5741905,0.42903012,0.36039758,0.55478936,0.81277657,0.75939244,0.28833935,0.7625553,0.3888888888888889,0.0,right
0.43883604,0.4831265,0.46856025,0.42365745,0.38607442,0.4834133,0.5740666,0.429664,0.36212668,0.5554595,0.811094,0.76440334,0.2854263,0.7549905,0.4,-0.011111111111111112,right
0.6291308,0.50207275,0.6863884,0.49821943,0.6053845,0.43940112,0.7121143,0.5770942,0.5078635,0.43497553,0.796922,0.7755325,0.28194413,0.74912214,-0.3888888888888889,-0.03333333333333333,left
0.6279038,0.5033496,0.68640643,0.49947822,0.606072,0.4387894,0.713251,0.57885647,0.5068712,0.43563285,0.7978615,0.7731481,0.2829261,0.74539727,-0.4111111111111111,-0.03333333333333333,left
0.5426954,0.4711375,0.59493214,0.42423686,0.49154338,0.42313233,0.65760666,0.47155255,0.42019567,0.46682608,0.80194473,0.7729277,0.2799126,0.7527863,-0.011111111111111112,-0.022222222222222223,center
0.54337,0.47214356,0.5964689,0.4270883,0.49413604,0.42418957,0.65920246,0.47267303,0.42362016,0.46471807,0.8080991,0.77878416,0.27964354,0.75451154,-0.022222222222222223,-0.03333333333333333,center
0.44701642,0.5016714,0.47474983,0.43971956,0.3910806,0.49666604,0.5712921,0.43913916,0.3631024,0.5581644,0.8033578,0.76321787,0.29164633,0.75664765,0.37777777777777777,-0.011111111111111112,right
0.45115492,0.5015591,0.47993374,0.43770546,0.39385086,0.49547562,0.57409,0.43579435,0.365363,0.5569019,0.80692995,0.7613933,0.2889229,0.7566032,0.37777777777777777,-0.011111111111111112,right
0.62789977,0.5087858,0.68836373,0.4999596,0.60412455,0.44256863,0.7172634,0.56856483,0.5030929,0.43546823,0.79658884,0.77100116,0.279693,0.7519807,-0.37777777777777777,-0.022222222222222223,left
0.6292,0.5109774,0.6900552,0.5015809,0.6048214,0.44341183,0.71763355,0.57103086,0.50094646,0.43609577,0.7954537,0.76952547,0.28501695,0.74984354,-0.3888888888888889,-0.022222222222222223,left
0.5406952,0.46580625,0.5936593,0.42061427,0.49084455,0.42039806,0.6580111,0.47142336,0.42047277,0.4641246,0.8073424,0.77518517,0.27974918,0.7575307,0.0,-0.022222222222222223,center
0.5409145,0.4663139,0.593256,0.420614,0.4905141,0.42140687,0.65788984,0.4701059,0.42084438,0.4649711,0.80592364,0.7739986,0.28013796,0.75559676,0.0,-0.022222222222222223,center
0.48055887,0.48081666,0.54707015,0.4448359,0.44025487,0.41599345,0.6019915,0.5076829,0.37005505,0.44255272,0.73759186,0.7645987,0.17151955,0.75387126,-0.16666666666666666,-0.011111111111111112,half-left
0.5117153,0.5111804,0.58227724,0.48556608,0.48774934,0.43300146,0.61209,0.55165935,0.39500913,0.4323457,0.7368853,0.7645118,0.17000964,0.7528851,-0.32222222222222224,-0.011111111111111112,left
0.47448838,0.49822125,0.54735994,0.45847824,0.4381916,0.4284776,0.6058054,0.51482356,0.37344328,0.44627595,0.73997796,0.76479125,0.17192523,0.76202196,-0.16666666666666666,0.0,half-left
0.47495204,0.49847215,0.548471,0.45870903,0.43869668,0.42839858,0.6068868,0.51699644,0.37367377,0.44591925,0.7416804,0.76625216,0.17667833,0.7601896,-0.16666666666666666,-0.011111111111111112,half-left
0.48158836,0.49121144,0.5533972,0.45100206,0.44087285,0.42190284,0.60970914,0.51196134,0.37423214,0.44338337,0.7473946,0.7626119,0.18169987,0.7544538,-0.15555555555555556,-0.011111111111111112,half-left
0.5363058,0.5335708,0.60766065,0.5070735,0.51465863,0.4527426,0.6437583,0.5626104,0.4243005,0.42666486,0.7439981,0.76836646,0.17743228,0.74785787,-0.34444444444444444,-0.022222222222222223,left
0.5383922,0.5333465,0.6096845,0.507278,0.5158453,0.45089197,0.64380616,0.5623721,0.42251712,0.42909575,0.74906194,0.7707338,0.17516896,0.7521557,-0.34444444444444444,-0.022222222222222223,left
0.5392293,0.5337307,0.6092053,0.50757724,0.51571906,0.45097247,0.6388408,0.56548667,0.42321655,0.42960274,0.7510172,0.77035993,0.18036924,0.7496169,-0.34444444444444444,-0.022222222222222223,left
0.46226728,0.4799099,0.52042323,0.42844874,0.4106983,0.42633647,0.5837606,0.4777974,0.3456222,0.46531084,0.7487033,0.7649774,0.1667464,0.7566999,-0.022222222222222223,-0.011111111111111112,center
0.38928634,0.47680885,0.42224935,0.4143528,0.33471152,0.46613505,0.52948934,0.42949218,0.3052075,0.5458331,0.7476723,0.7664846,0.19398749,0.7496536,0.34444444444444444,-0.022222222222222223,right
0.39157727,0.47804135,0.4218194,0.41511747,0.3362529,0.47144675,0.52987915,0.42979026,0.3095497,0.54979116,0.7509739,0.76629055,0.20126134,0.7449791,0.37777777777777777,-0.022222222222222223,right
0.37104338,0.48057213,0.39210966,0.42201763,0.31426495,0.490278,0.5012903,0.42589137,0.2917266,0.5680276,0.7486821,0.7599709,0.19331768,0.74278855,0.45555555555555555,-0.022222222222222223,right
0.369384,0.48642424,0.38921735,0.4219723,0.3118256,0.49335566,0.50128955,0.42517024,0.29255453,0.5662825,0.75353706,0.75725216,0.18895765,0.7408619,0.4666666666666667,-0.022222222222222223,right
0.36889124,0.4802443,0.39273268,0.42065707,0.31381357,0.48868427,0.50440055,0.4299335,0.29140645,0.5649819,0.75455254,0.754383,0.19045177,0.74259514,0.4444444444444444,-0.011111111111111112,right
0.42557296,0.47473872,0.46877575,0.41257444,0.3650516,0.4480511,0.56157553,0.44371587,0.32468668,0.5198848,0.75616854,0.7669938,0.18602903,0.75365007,0.2,-0.011111111111111112,half-right
0.4296706,0.47543705,0.47333542,0.41328067,0.3697111,0.44347614,0.56512195,0.44401187,0.32605684,0.5109362,0.7552366,0.7690566,0.18812431,0.75320184,0.17777777777777778,-0.022222222222222223,half-right
0.43052816,0.47935557,0.47422308,0.41467342,0.3690604,0.44487172,0.5610922,0.4457134,0.32602024,0.50837874,0.7615536,0.76939654,0.18113694,0.75110275,0.17777777777777778,-0.022222222222222223,half-right
0.37700808,0.4721395,0.40358418,0.4074556,0.3199262,0.46676856,0.51691794,0.42647925,0.29680735,0.5522202,0.7520273,0.76284766,0.19329265,0.7478927,0.3888888888888889,-0.022222222222222223,right
0.4193917,0.4648081,0.4625314,0.40519732,0.3611876,0.44038364,0.5596155,0.4409405,0.32568774,0.51879627,0.755552,0.77003515,0.19020581,0.7521095,0.2111111111111111,-0.022222222222222223,half-right
0.42309296,0.47030452,0.46350184,0.4087879,0.3630918,0.4426295,0.5584071,0.43862927,0.32636547,0.51657265,0.75810045,0.76686954,0.1927892,0.749774,0.2111111111111111,-0.022222222222222223,half-right
0.4954487,0.45346615,0.55644375,0.41607445,0.44868374,0.40772095,0.61588377,0.4885731,0.38337296,0.4616947,0.76963264,0.78115326,0.18509558,0.75936276,-0.05555555555555555,-0.022222222222222223,center
0.4195068,0.4888875,0.45974687,0.4226163,0.3626844,0.46197814,0.560003,0.444615,0.32987282,0.52485657,0.7605443,0.7716793,0.19106022,0.75340503,0.24444444444444444,-0.022222222222222223,half-right
0.42014575,0.4905612,0.46134397,0.42288843,0.36308163,0.4613597,0.561289,0.44300124,0.33203343,0.52025056,0.76082087,0.7708772,0.19124065,0.75533307,0.24444444444444444,-0.022222222222222223,half-right
0.37931743,0.48731756,0.4098731,0.42572132,0.3281358,0.4814557,0.52564496,0.4295742,0.3072222,0.54439735,0.7604969,0.7654789,0.19547978,0.7496361,0.3888888888888889,-0.022222222222222223,right
0.3830389,0.4930229,0.41712832,0.4271723,0.33130893,0.47907442,0.5309578,0.4371972,0.3104912,0.5442055,0.7533287,0.7647091,0.19052279,0.74863696,0.34444444444444444,-0.022222222222222223,right
0.3700455,0.49515942,0.40141517,0.42908716,0.31889528,0.481724,0.5147306,0.4354732,0.30055082,0.54385436,0.75229895,0.7629102,0.18704835,0.75301576,0.36666666666666664,-0.011111111111111112,right
0.37407282,0.49705112,0.39978597,0.433139,0.3218819,0.49146253,0.51470804,0.4316644,0.30365363,0.5536596,0.75631845,0.7646123,0.19329917,0.75053066,0.4111111111111111,-0.011111111111111112,right
0.37539527,0.4974537,0.40152675,0.43269557,0.32378447,0.49131352,0.51351917,0.43172237,0.30425063,0.5542676,0.7580268,0.76773155,0.19839159,0.7442873,0.4222222222222222,-0.022222222222222223,right
0.4170488,0.4907855,0.46038803,0.4229721,0.36087856,0.45854157,0.55686736,0.44826102,0.3265272,0.5133574,0.7631296,0.77134234,0.18566483,0.7554187,0.2222222222222222,-0.022222222222222223,half-right
0.41625676,0.48952797,0.4592766,0.4224246,0.3598265,0.46019587,0.5562802,0.44822764,0.32902336,0.5199271,0.75996304,0.7721978,0.1909195,0.7549962,0.23333333333333334,-0.022222222222222223,half-right
0.50078243,0.45113516,0.55587274,0.41430545,0.45033163,0.408812,0.6141098,0.4871583,0.38313594,0.46612722,0.7679744,0.77718943,0.19629118,0.7535344,-0.03333333333333333,-0.022222222222222223,center
0.53353184,0.47066927,0.59433764,0.44276723,0.4936133,0.4080736,0.62980056,0.51357794,0.4062093,0.43887356,0.75376177,0.77168477,0.19552991,0.75285244,-0.2111111111111111,-0.022222222222222223,half-left
0.53766817,0.46906993,0.59703684,0.44396287,0.497033,0.40802568,0.630972,0.51517904,0.40469822,0.43853995,0.75193924,0.7767946,0.20081888,0.7534925,-0.2222222222222222,-0.022222222222222223,half-left
0.5765316,0.48293307,0.6377885,0.47792143,0.5533247,0.41771698,0.6521505,0.5635855,0.44989774,0.4300624,0.7481762,0.7741809,0.19791366,0.7446131,-0.3888888888888889,-0.03333333333333333,left
0.57879496,0.48583052,0.635298,0.4767095,0.5477048,0.41861653,0.64776486,0.5610076,0.44714013,0.42995834,0.75267875,0.7726199,0.19139712,0.7465353,-0.37777777777777777,-0.03333333333333333,left
0.55825394,0.49934882,0.6245025,0.48446247,0.53172433,0.42801496,0.646605,0.5618255,0.43742093,0.43170488,0.75427365,0.7750985,0.19587746,0.7442545,-0.35555555555555557,-0.03333333333333333,left
0.5609639,0.5106714,0.62699306,0.4887866,0.5322023,0.43483898,0.6535547,0.5555383,0.4349469,0.43171808,0.7552361,0.77775973,0.19663906,0.7456879,-0.32222222222222224,-0.03333333333333333,left
0.5585032,0.50595236,0.62475985,0.48770356,0.5326531,0.43313548,0.65344226,0.5579446,0.43589473,0.43149382,0.7542013,0.7746471,0.19568084,0.7493331,-0.34444444444444444,-0.03333333333333333,left
0.5157413,0.47880274,0.5786396,0.44671193,0.47536936,0.4175,0.6244849,0.5122075,0.39643407,0.44994938,0.75169784,0.76780087,0.19374372,0.7528163,-0.16666666666666666,-0.022222222222222223,half-left
0.5142896,0.4808249,0.57674897,0.44693047,0.47523543,0.41888416,0.62227756,0.5118259,0.39627594,0.44942915,0.75541186,0.76879215,0.19481789,0.7524179,-0.16666666666666666,-0.022222222222222223,half-left
0.4688544,0.45906234,0.5239099,0.4130216,0.41863775,0.41491127,0.5959822,0.472698,0.36235735,0.47378975,0.76519924,0.77753997,0.19211765,0.75937563,0.011111111111111112,-0.022222222222222223,center
0.38519716,0.4623964,0.41426936,0.40617302,0.33310476,0.4611977,0.5260068,0.42550075,0.3117435,0.54878,0.74970675,0.76465756,0.20072903,0.7526494,0.3888888888888889,-0.011111111111111112,right
0.3805459,0.4641353,0.41134027,0.4065566,0.3293024,0.47223902,0.525398,0.42522603,0.30998874,0.5537348,0.75466037,0.7632199,0.20095469,0.7447969,0.4222222222222222,-0.022222222222222223,right
0.3819257,0.47592992,0.4090632,0.41227263,0.32771733,0.47725028,0.51916784,0.4239518,0.30727458,0.5528142,0.75910944,0.7672264,0.19808164,0.7496773,0.43333333333333335,-0.022222222222222223,right
0.36107114,0.47888088,0.38267964,0.41654035,0.3067823,0.47976363,0.4931143,0.42553106,0.2844726,0.5558933,0.74638885,0.75445175,0.18159887,0.7538043,0.45555555555555555,0.0,right
0.36224255,0.47722566,0.38755253,0.4162838,0.30702788,0.47862554,0.49855828,0.42727298,0.28656554,0.5566166,0.7467735,0.7610003,0.18678537,0.75162965,0.4222222222222222,-0.011111111111111112,right
0.4247498,0.46423626,0.46892193,0.4090314,0.36556917,0.43787506,0.55987215,0.44773668,0.32378796,0.5146797,0.75488883,0.7636428,0.18302959,0.7547985,0.17777777777777778,-0.011111111111111112,half-right
0.4250586,0.4649734,0.46908495,0.40913928,0.364985,0.43841693,0.5596037,0.44655618,0.32388818,0.51465166,0.75117123,0.76534265,0.18664631,0.7545171,0.17777777777777778,-0.011111111111111112,half-right
0.41312793,0.46471083,0.45227313,0.40826705,0.35653204,0.4436615,0.54848707,0.44078934,0.31744826,0.52141905,0.7500412,0.7617859,0.18712497,0.7521181,0.2222222222222222,-0.011111111111111112,half-right
0.42005438,0.46268862,0.4603887,0.4064568,0.3625924,0.44227487,0.5552781,0.4422768,0.32122627,0.5207557,0.75240475,0.7674094,0.18494143,0.754646,0.2222222222222222,-0.011111111111111112,half-right
0.4800017,0.44768733,0.5374325,0.41052628,0.43363962,0.40640146,0.6035231,0.48034412,0.37198052,0.46554622,0.7671313,0.7737589,0.19261742,0.7542127,-0.022222222222222223,-0.022222222222222223,center
0.38869596,0.45820138,0.41681612,0.40156937,0.33607456,0.46010512,0.5307031,0.42633715,0.31424174,0.5526164,0.7548149,0.7625702,0.19850267,0.74982107,0.4,-0.011111111111111112,right
0.3866371,0.47640625,0.4173403,0.41591126,0.3349884,0.4765858,0.52749956,0.42905208,0.31318235,0.5586724,0.7590114,0.7623161,0.19686666,0.75026244,0.4,-0.011111111111111112,right
0.3843406,0.4745459,0.415015,0.41221908,0.32994175,0.4748063,0.5288448,0.42886084,0.30983138,0.5544085,0.76150346,0.76360637,0.19534527,0.7472089,0.4111111111111111,-0.022222222222222223,right
0.38609192,0.47021666,0.41511047,0.4085336,0.33128977,0.47346398,0.5304013,0.42837942,0.3121925,0.5582732,0.7592876,0.76287687,0.19921832,0.7447235,0.4222222222222222,-0.022222222222222223,right
0.3862215,0.4542867,0.41516846,0.3993657,0.3350416,0.45145926,0.52841526,0.4237241,0.31192508,0.54410076,0.75710905,0.76829946,0.1971473,0.7511983,0.36666666666666664,-0.022222222222222223,right
0.4553192,0.45170283,0.5006947,0.4011276,0.39575273,0.4218327,0.5813106,0.4580262,0.34502277,0.4950516,0.75776005,0.76826835,0.19455077,0.755832,0.12222222222222222,-0.011111111111111112,half-right
0.4566493,0.452845,0.50150985,0.40275484,0.39682263,0.42241442,0.5826433,0.46005356,0.34513122,0.49593654,0.75867724,0.7708656,0.1935315,0.7534293,0.12222222222222222,-0.022222222222222223,half-right
0.45143515,0.454071,0.4919677,0.39979923,0.3884249,0.42794102,0.57564217,0.4454958,0.34019998,0.50807333,0.7542468,0.77296203,0.19643556,0.75274044,0.16666666666666666,-0.022222222222222223,half-right
0.45057717,0.45680442,0.49043527,0.40252295,0.38925797,0.43217826,0.57706904,0.4461129,0.34383142,0.5151342,0.7585495,0.7672936,0.19595848,0.7552743,0.18888888888888888,-0.011111111111111112,half-right
0.44806504,0.45982105,0.48729903,0.40598047,0.38581014,0.43432614,0.5768804,0.44813383,0.34244755,0.51665854,0.75489795,0.7693494,0.20093536,0.75510114,0.16666666666666666,-0.011111111111111112,half-right
0.4495384,0.45883685,0.4877846,0.4028211,0.38625264,0.43356875,0.5771408,0.44544873,0.34213075,0.5164459,0.7584294,0.76599526,0.19724935,0.7518229,0.18888888888888888,-0.011111111111111112,half-right
0.4494213,0.46063742,0.48785684,0.40638626,0.38664648,0.43468305,0.57721454,0.44670695,0.34123984,0.5134922,0.7541956,0.7683947,0.19346562,0.7591666,0.16666666666666666,-0.011111111111111112,half-right
0.4470024,0.4636735,0.48813045,0.40910828,0.38607877,0.4385651,0.57570493,0.4508236,0.34099665,0.51843363,0.7660071,0.7679836,0.19233617,0.75637114,0.17777777777777778,-0.011111111111111112,half-right
0.45001772,0.4591878,0.49026027,0.40404266,0.38765535,0.43252695,0.57761943,0.44906446,0.34207863,0.51041996,0.7576557,0.7688839,0.19513737,0.7524959,0.16666666666666666,-0.022222222222222223,half-right
0.43497223,0.46618703,0.47667602,0.40983397,0.37365732,0.43791923,0.5604667,0.44766924,0.32887888,0.51017237,0.75085646,0.7660329,0.17958814,0.7520087,0.16666666666666666,-0.011111111111111112,half-right
0.43547335,0.4670823,0.4786518,0.41101068,0.37544498,0.43958297,0.5639016,0.4537556,0.3317772,0.5154893,0.751658,0.7638448,0.17919248,0.7508062,0.16666666666666666,-0.011111111111111112,half-right
0.5378006,0.4836246,0.59603864,0.45599154,0.49747956,0.41777417,0.62747186,0.51903135,0.40916762,0.44312507,0.7511047,0.7673305,0.18757835,0.7519714,-0.23333333333333334,-0.022222222222222223,half-left
0.5364594,0.48416227,0.59490347,0.4559346,0.49675483,0.41791326,0.6274341,0.51913464,0.4095951,0.44311726,0.75527394,0.7689967,0.19257006,0.7502197,-0.23333333333333334,-0.022222222222222223,half-left
0.53788996,0.4830894,0.59595335,0.45553473,0.4972384,0.41735506,0.6273851,0.5204267,0.4059566,0.44309002,0.75267196,0.7691086,0.19446766,0.75466585,-0.23333333333333334,-0.022222222222222223,half-left
0.5874707,0.49127108,0.6397083,0.48427227,0.55629545,0.42442137,0.65113777,0.5637148,0.4444844,0.4327065,0.75324893,0.7725361,0.19866517,0.7481468,-0.4,-0.03333333333333333,left
0.5841122,0.48867428,0.63849443,0.48255774,0.5521855,0.42189175,0.6489971,0.5617952,0.44522148,0.4346561,0.76031697,0.77112365,0.1972216,0.7448536,-0.3888888888888889,-0.03333333333333333,left
0.5893036,0.48915064,0.64198315,0.48303747,0.5565293,0.42315844,0.65371287,0.5621077,0.44393247,0.4362774,0.7536665,0.7747729,0.198176,0.7452557,-0.4,-0.03333333333333333,left
0.59850734,0.5066793,0.6524002,0.49365267,0.56843805,0.4376726,0.66613036,0.55454546,0.4540139,0.43346286,0.75757813,0.7747949,0.20263138,0.7409389,-0.36666666666666664,-0.03333333333333333,left
0.6030442,0.50700456,0.6550919,0.49359992,0.5721505,0.43789285,0.66374034,0.55559564,0.4547524,0.43454376,0.760607,0.7693175,0.19892696,0.7412342,-0.36666666666666664,-0.03333333333333333,left
0.57305604,0.4905451,0.63357306,0.48300973,0.5453367,0.42683813,0.6537504,0.56128186,0.45149666,0.43440107,0.76292515,0.7760676,0.2020279,0.7408664,-0.36666666666666664,-0.044444444444444446,left
0.5709571,0.49251008,0.63212335,0.48302233,0.54266167,0.42767566,0.6538995,0.56124014,0.4484629,0.433093,0.75767046,0.7678043,0.20984577,0.7395539,-0.35555555555555557,-0.03333333333333333,left
0.53119,0.48658958,0.5930571,0.455191,0.49385336,0.4235801,0.632892,0.51955885,0.41015506,0.45018098,0.7542855,0.77354765,0.19921832,0.74864215,-0.2,-0.03333333333333333,half-left
0.5303314,0.48819587,0.59278446,0.4553917,0.4950649,0.42182696,0.63532877,0.5185557,0.41234604,0.45046744,0.7594937,0.7709328,0.2022844,0.74505484,-0.2111111111111111,-0.03333333333333333,half-left
0.52833664,0.48667127,0.5913085,0.45557868,0.4915771,0.424685,0.6329891,0.5189645,0.41043958,0.44785747,0.75658315,0.77051055,0.2014025,0.75056607,-0.18888888888888888,-0.022222222222222223,half-left
0.51852626,0.48126343,0.5805534,0.44936004,0.4804133,0.42028144,0.6236185,0.51684934,0.39991117,0.45286793,0.75636816,0.7699095,0.19972906,0.7501187,-0.18888888888888888,-0.022222222222222223,half-left
0.5184165,0.48216322,0.5817133,0.449629,0.4793104,0.42004198,0.62311393,0.5186945,0.4012314,0.45222747,0.7581076,0.77135247,0.19360124,0.75146323,-0.17777777777777778,-0.022222222222222223,half-left
0.5217966,0.48245952,0.5839199,0.4500086,0.4818213,0.42107767,0.6264159,0.5180226,0.4006411,0.45188713,0.75818014,0.77133626,0.1983431,0.7483608,-0.17777777777777778,-0.022222222222222223,half-left
0.5205248,0.4830106,0.5836424,0.45052215,0.4814549,0.42210826,0.62736577,0.518459,0.40144396,0.45193732,0.75312525,0.7734258,0.19759034,0.74908656,-0.16666666666666666,-0.022222222222222223,half-left
0.51863486,0.48455682,0.5800115,0.45159125,0.47929883,0.42452976,0.6263362,0.5125266,0.40018,0.4519364,0.75629526,0.7711764,0.20073332,0.7521157,-0.16666666666666666,-0.022222222222222223,half-left
0.5185031,0.4856298,0.5802991,0.45137942,0.47698846,0.42376637,0.62238693,0.51405054,0.396278,0.45378292,0.7620916,0.77157867,0.19556852,0.75349104,-0.15555555555555556,-0.022222222222222223,half-left
0.46688342,0.4548009,0.5218,0.41113666,0.41818824,0.41541463,0.59296465,0.47058403,0.36239395,0.47623673,0.7559314,0.77876955,0.19333862,0.7625334,0.022222222222222223,-0.022222222222222223,center
0.47175986,0.4582383,0.5276574,0.4138937,0.42290527,0.41672447,0.5989431,0.47366124,0.36625126,0.47396058,0.7597474,0.7713388,0.19645046,0.75339586,0.022222222222222223,-0.022222222222222223,center
0.47798818,0.46539307,0.53475356,0.4210611,0.43003616,0.4207397,0.6011422,0.47927594,0.36914265,0.47154263,0.7590874,0.774275,0.19215894,0.7591927,0.0,-0.022222222222222223,center
0.54233384,0.4926486,0.59909993,0.46605387,0.5061569,0.4253935,0.6334805,0.5283393,0.4140582,0.4415935,0.7538846,0.77213436,0.2003674,0.7523037,-0.25555555555555554,-0.022222222222222223,half-left
0.54099417,0.4919445,0.60166746,0.46478352,0.50378364,0.4240728,0.6341043,0.526682,0.41492784,0.44154567,0.7542751,0.7709004,0.2028379,0.75293756,-0.24444444444444444,-0.022222222222222223,half-left
0.5717878,0.515099,0.6353977,0.4924574,0.54547405,0.44165507,0.65621716,0.55120033,0.44251978,0.43262845,0.7544762,0.7715895,0.20451163,0.74888885,-0.3333333333333333,-0.022222222222222223,left
0.57095534,0.5143488,0.6329968,0.49137062,0.5428565,0.44028312,0.65270615,0.5531691,0.44125864,0.43301344,0.7542719,0.7713039,0.2032517,0.7465204,-0.3333333333333333,-0.03333333333333333,left
0.57060504,0.5140504,0.63346726,0.490682,0.5428608,0.44063982,0.65626574,0.5501366,0.44253886,0.43335444,0.7551654,0.7720459,0.20135657,0.74503237,-0.32222222222222224,-0.03333333333333333,left
0.47377512,0.46632883,0.53048754,0.41868776,0.42547244,0.42066383,0.5993575,0.47617614,0.36699116,0.47333246,0.7552501,0.77078474,0.19689243,0.75915766,0.022222222222222223,-0.011111111111111112,center
0.41322145,0.46757787,0.45396966,0.40851057,0.3608902,0.45009965,0.5541625,0.44253674,0.33296683,0.53039753,0.75253373,0.76888764,0.1924823,0.75374216,0.26666666666666666,-0.022222222222222223,half-right
0.37967673,0.48122385,0.409901,0.41789243,0.32712203,0.47814912,0.51959985,0.43239534,0.30850038,0.55386597,0.7528654,0.7642971,0.19598748,0.75120586,0.4,-0.011111111111111112,right
0.4191222,0.5005794,0.44985992,0.44808853,0.37583536,0.4941188,0.5409296,0.4580028,0.35322607,0.55731386,0.73786414,0.7647662,0.24361669,0.7366841,0.36666666666666664,-0.03333333333333333,right
0.41860852,0.50668883,0.44903225,0.44892707,0.37554672,0.49625564,0.5394233,0.45589983,0.35377252,0.5553321,0.7434313,0.7658743,0.23737237,0.7365843,0.36666666666666664,-0.03333333333333333,right
0.45438352,0.49593997,0.49392387,0.44199017,0.40414786,0.46736488,0.57481164,0.47431284,0.370799,0.5220387,0.7474911,0.7653572,0.23997305,0.7385915,0.17777777777777778,-0.03333333333333333,half-right
0.45893463,0.49161643,0.49786392,0.44203803,0.40914586,0.464187,0.5779486,0.4740657,0.37351242,0.5217672,0.74446565,0.76584935,0.24213278,0.7403999,0.16666666666666666,-0.03333333333333333,half-right
0.45609593,0.49358878,0.4960937,0.44271925,0.40658548,0.4660024,0.5770893,0.4760289,0.37118593,0.521104,0.7430934,0.7687444,0.24570431,0.736029,0.16666666666666666,-0.044444444444444446,half-right
0.45653778,0.4937272,0.49630105,0.44275612,0.40754145,0.46626982,0.57592744,0.47595042,0.372746,0.52191436,0.74289733,0.76796645,0.24527626,0.7358544,0.16666666666666666,-0.044444444444444446,half-right
0.5079348,0.48397672,0.5566366,0.44667903,0.4653403,0.44441983,0.6103682,0.49872932,0.405905,0.48728672,0.7442064,0.7694835,0.24757753,0.73967177,-0.011111111111111112,-0.03333333333333333,center
0.50704646,0.4832537,0.5559749,0.4458642,0.4644394,0.44296765,0.6106411,0.4971237,0.40477297,0.48599163,0.7405304,0.76717097,0.25053975,0.7372527,-0.022222222222222223,-0.03333333333333333,center
0.5728344,0.50424576,0.62690586,0.49988973,0.55016494,0.4488966,0.6464634,0.5755084,0.46429035,0.45784763,0.73783875,0.76657295,0.24836867,0.7285216,-0.36666666666666664,-0.044444444444444446,left
0.5715173,0.50488603,0.62576646,0.49969822,0.5494841,0.4504786,0.64766735,0.5743775,0.46513644,0.46186152,0.7365272,0.7654456,0.24722007,0.7297368,-0.35555555555555557,-0.044444444444444446,left
0.5741391,0.5080192,0.6287095,0.50127447,0.5509549,0.45086473,0.64875954,0.57292515,0.46459657,0.45666397,0.74060786,0.7664946,0.24746686,0.7310979,-0.36666666666666664,-0.044444444444444446,left
0.52469736,0.4917121,0.5803001,0.46604884,0.49363053,0.44162294,0.62419474,0.5279037,0.4247137,0.47234294,0.7388392,0.765454,0.24367155,0.7359298,-0.17777777777777778,-0.03333333333333333,half-left
0.52462757,0.49255058,0.5794113,0.46632096,0.49415717,0.44272205,0.62511504,0.52485406,0.42557165,0.47113264,0.7391251,0.7669307,0.24749961,0.73695594,-0.17777777777777778,-0.03333333333333333,half-left
0.52497524,0.49678412,0.58060175,0.47008708,0.49465996,0.44365644,0.6255835,0.52654284,0.42383438,0.46776438,0.73963886,0.7655492,0.24114816,0.7367393,-0.18888888888888888,-0.03333333333333333,half-left
0.52421284,0.4929718,0.5786796,0.46623647,0.49337083,0.4433573,0.62592393,0.5264343,0.42508394,0.47278383,0.7381485,0.76586246,0.24736434,0.7382947,-0.16666666666666666,-0.03333333333333333,half-left
0.52598566,0.49386263,0.57974434,0.46655372,0.49476466,0.44369125,0.6262781,0.5238042,0.425866,0.47115675,0.7377059,0.76476413,0.24816182,0.734708,-0.16666666666666666,-0.03333333333333333,half-left
0.5263404,0.49425122,0.581911,0.4662931,0.49545604,0.44172662,0.62621146,0.5238761,0.42574948,0.4688992,0.74254346,0.767283,0.24431457,0.7401771,-0.17777777777777778,-0.03333333333333333,half-left
0.5103213,0.49385747,0.56750643,0.46663082,0.47841194,0.4441126,0.61653304,0.5271986,0.41526306,0.47345245,0.73287076,0.7662968,0.23701431,0.736731,-0.15555555555555556,-0.03333333333333333,half-left
0.48649263,0.49718675,0.5434139,0.46716493,0.45526746,0.44637623,0.5944189,0.5206949,0.39480618,0.4743488,0.7214476,0.75783294,0.22859797,0.74365073,-0.14444444444444443,-0.022222222222222223,half-left
0.49098998,0.49632254,0.5470693,0.46608055,0.45880568,0.44580284,0.596386,0.5204196,0.39823812,0.47420302,0.71993124,0.75899816,0.22336604,0.74125385,-0.14444444444444443,-0.022222222222222223,half-left
0.49215803,0.4951794,0.5485751,0.46557707,0.46015045,0.44586837,0.59898514,0.52012986,0.39984256,0.47390187,0.7209124,0.7603405,0.22816752,0.7432201,-0.13333333333333333,-0.022222222222222223,half-left
0.49653745,0.4949029,0.55111563,0.4659288,0.46215466,0.4458537,0.6006912,0.51937485,0.39861533,0.4740726,0.72212476,0.76267225,0.23108548,0.7399935,-0.14444444444444443,-0.03333333333333333,half-left
0.4955382,0.4965208,0.5520315,0.46837556,0.46349853,0.44633833,0.5992241,0.5246524,0.4010503,0.4721007,0.7204379,0.7617473,0.227297,0.74735713,-0.15555555555555556,-0.022222222222222223,half-left
0.47585902,0.48315787,0.52762866,0.44543526,0.43607515,0.44307077,0.5898938,0.49952278,0.38185635,0.48692504,0.731969,0.7642369,0.23506728,0.7373896,-0.022222222222222223,-0.03333333333333333,center
0.4765005,0.48289317,0.52869207,0.44600743,0.4369122,0.4431525,0.58926165,0.5017628,0.382055,0.48630694,0.73379815,0.7641355,0.23156217,0.7405503,-0.022222222222222223,-0.03333333333333333,center
0.47651312,0.48222783,0.52828383,0.44562232,0.4368884,0.4436873,0.58994156,0.5012753,0.381409,0.48788354,0.73124576,0.764275,0.23504426,0.737254,-0.022222222222222223,-0.03333333333333333,center
0.41499472,0.49596196,0.44641864,0.44329223,0.37168938,0.48962098,0.5344227,0.45735648,0.34520835,0.5559175,0.7296114,0.75741184,0.23379758,0.73839986,0.35555555555555557,-0.022222222222222223,right
0.41268605,0.4989103,0.44356352,0.4455523,0.36865938,0.49154538,0.5326975,0.45597354,0.3447333,0.55422556,0.7323198,0.76125413,0.2359382,0.74160117,0.34444444444444444,-0.022222222222222223,right
0.45623463,0.4904855,0.49320394,0.4420179,0.40533754,0.46618244,0.56781965,0.4763318,0.36559832,0.5296701,0.7377422,0.76142544,0.23460066,0.74025387,0.17777777777777778,-0.022222222222222223,half-right
0.45620656,0.49167863,0.49273282,0.44262162,0.40508196,0.46638435,0.5666562,0.47513315,0.36554748,0.5268146,0.7378372,0.76131034,0.23292021,0.7412692,0.16666666666666666,-0.022222222222222223,half-right
0.455526,0.49026728,0.49288544,0.4412845,0.404612,0.46600217,0.5687361,0.47570124,0.36474192,0.5289805,0.7360274,0.76343375,0.23569468,0.73980653,0.17777777777777778,-0.03333333333333333,half-right
0.45611945,0.49293414,0.49223495,0.4432107,0.404952,0.46692935,0.5680044,0.47430786,0.36541158,0.5254951,0.73452795,0.7621482,0.23633924,0.7393262,0.16666666666666666,-0.03333333333333333,half-right
0.45571768,0.49255425,0.49319637,0.44335148,0.4047796,0.46721146,0.56772494,0.47665554,0.3652946,0.5263617,0.7360105,0.7620061,0.2355183,0.73826545,0.17777777777777778,-0.03333333333333333,half-right
0.5148031,0.5085463,0.57445055,0.4835045,0.49176842,0.45115736,0.62081504,0.5391696,0.424942,0.46927893,0.73184115,0.76591015,0.24542038,0.7381081,-0.24444444444444444,-0.03333333333333333,half-left
0.5128875,0.5070391,0.57355875,0.4810628,0.48928294,0.44992173,0.6202879,0.5370396,0.42530224,0.46942997,0.73189634,0.7659841,0.23901704,0.736496,-0.2222222222222222,-0.03333333333333333,half-left
0.51620996,0.50526756,0.57638633,0.48056808,0.49232316,0.4486194,0.6203109,0.5390898,0.4254914,0.46884018,0.7280106,0.76437247,0.24053226,0.7395972,-0.23333333333333334,-0.03333333333333333,half-left
0.51476485,0.5051127,0.57521325,0.47984645,0.4905132,0.44895977,0.6215163,0.5378099,0.42579696,0.47030503,0.72864693,0.7658797,0.24170756,0.7421621,-0.2222222222222222,-0.03333333333333333,half-left
0.5544958,0.5051271,0.6094177,0.49955648,0.53438354,0.45127764,0.6362932,0.5736369,0.4601586,0.4616851,0.73276407,0.7636143,0.24626909,0.72962433,-0.36666666666666664,-0.044444444444444446,left
0.5533147,0.5071475,0.608147,0.5008784,0.5313521,0.45431882,0.635461,0.5714912,0.45619062,0.4623898,0.72772366,0.7677892,0.24425821,0.7320523,-0.34444444444444444,-0.044444444444444446,left
0.55031765,0.50603044,0.60590893,0.49833897,0.5285439,0.45255592,0.6363652,0.56778044,0.45344624,0.45967093,0.72961515,0.76747733,0.2475061,0.729023,-0.34444444444444444,-0.05555555555555555,left
0.5516205,0.506932,0.6057789,0.49699783,0.52946913,0.45039907,0.63528806,0.5674779,0.45400432,0.45872557,0.7302894,0.76842666,0.248957,0.7309945,-0.34444444444444444,-0.044444444444444446,left
0.5382091,0.51824826,0.5970582,0.5028521,0.51679194,0.45954293,0.6330661,0.5660782,0.44273084,0.4630165,0.72815007,0.7641577,0.24724156,0.73399216,-0.3,-0.044444444444444446,left
0.53761685,0.51571447,0.5965872,0.49973932,0.5148123,0.45683724,0.6332884,0.5656104,0.44159028,0.46323276,0.7292501,0.76373726,0.24351318,0.7342621,-0.3,-0.03333333333333333,left
0.5542185,0.52273387,0.6139804,0.51308066,0.5350211,0.4685529,0.6435603,0.57362443,0.4570645,0.4707907,0.7286132,0.76511425,0.25149667,0.72927964,-0.3333333333333333,-0.044444444444444446,left
0.55327576,0.5309155,0.6124622,0.51674205,0.53471583,0.47275537,0.646015,0.5746277,0.45853648,0.46852654,0.7279666,0.7670638,0.2505156,0.7269731,-0.3333333333333333,-0.05555555555555555,left
0.5578734,0.5319152,0.6178978,0.51986825,0.5405439,0.47382343,0.6493517,0.57668614,0.46217546,0.46333617,0.72821033,0.76681983,0.24830091,0.7308741,-0.3333333333333333,-0.044444444444444446,left
0.5129088,0.50704396,0.5716286,0.47742456,0.48211345,0.45033434,0.6187391,0.5311763,0.41672912,0.47166643,0.7281777,0.7612178,0.24660578,0.7363326,-0.18888888888888888,-0.03333333333333333,half-left
0.5133153,0.5056755,0.571218,0.47778893,0.48137483,0.44948503,0.61688536,0.5330846,0.41627026,0.47151113,0.72942215,0.7645575,0.24459465,0.7348489,-0.2,-0.044444444444444446,half-left
0.51240903,0.5079656,0.57259536,0.47806042,0.4821719,0.44946852,0.6179208,0.53416234,0.41616988,0.47175997,0.73084867,0.76249576,0.24413142,0.73581207,-0.18888888888888888,-0.03333333333333333,half-left
0.5135837,0.50594306,0.57145375,0.47804606,0.48172072,0.44994155,0.6191012,0.5318138,0.4166142,0.47087693,0.7304139,0.7667831,0.24189861,0.73806363,-0.2,-0.03333333333333333,half-left
0.47434846,0.4839059,0.52380556,0.4438795,0.43404514,0.4467204,0.59046817,0.49422175,0.38580072,0.49130175,0.73467785,0.7611131,0.23949312,0.7377116,0.011111111111111112,-0.03333333333333333,center
0.47523522,0.48560882,0.52620286,0.44560367,0.43611407,0.44778305,0.5920384,0.4965978,0.38806558,0.4895205,0.73505014,0.7624165,0.23573475,0.73721963,0.011111111111111112,-0.03333333333333333,center
0.5353466,0.53111285,0.593177,0.5158211,0.51484627,0.4715296,0.62848186,0.5701927,0.43909684,0.46291032,0.7200729,0.7618268,0.23764046,0.7372029,-0.3333333333333333,-0.03333333333333333,left
0.50755155,0.51433486,0.5644458,0.48805812,0.47748503,0.456452,0.6093784,0.5373577,0.40859193,0.4703506,0.71928495,0.75862086,0.23269868,0.74173266,-0.2222222222222222,-0.022222222222222223,half-left
0.50613827,0.51285094,0.5646859,0.48706904,0.47790727,0.4553032,0.6089603,0.5378841,0.4097552,0.47009337,0.7227647,0.7586597,0.23179065,0.74367857,-0.2222222222222222,-0.022222222222222223,half-left
0.4376292,0.5083975,0.47596234,0.45608935,0.39045915,0.4801236,0.55967736,0.48077297,0.3577875,0.5276891,0.7257001,0.7643255,0.23420405,0.74419564,0.17777777777777778,-0.022222222222222223,half-right
0.436688,0.5083224,0.47542766,0.45561746,0.39003915,0.47980252,0.5592854,0.4792788,0.3571681,0.52632636,0.7271854,0.7638366,0.23600554,0.7478429,0.17777777777777778,-0.022222222222222223,half-right
0.4015392,0.5088343,0.43054917,0.45235717,0.3571749,0.49647915,0.52805895,0.4607911,0.3388603,0.55386114,0.7273373,0.75821495,0.23342444,0.741567,0.34444444444444444,-0.022222222222222223,right
0.40675268,0.50689495,0.4391423,0.4516782,0.3611249,0.49053156,0.5313473,0.46270227,0.34066963,0.5454766,0.73071986,0.75859755,0.23298222,0.74384767,0.28888888888888886,-0.022222222222222223,right
0.40869576,0.5075969,0.44040674,0.45275718,0.3635733,0.49130994,0.53324157,0.46354985,0.3417021,0.5483923,0.7305859,0.76193184,0.2304397,0.74536735,0.3,-0.022222222222222223,right
0.39348155,0.51506066,0.420729,0.46079472,0.35187772,0.5070624,0.5155777,0.45978615,0.3361808,0.5558236,0.72746986,0.7571871,0.23818491,0.73816866,0.37777777777777777,-0.022222222222222223,right
0.39343682,0.5118412,0.42199385,0.4580543,0.35237813,0.50282145,0.5158165,0.45996377,0.33416423,0.55191797,0.7266876,0.75917983,0.23367122,0.7405596,0.35555555555555557,-0.022222222222222223,right
0.57014644,0.5069654,0.6249935,0.51005435,0.5496887,0.46014056,0.646457,0.5816733,0.4674155,0.46674153,0.72173834,0.7653114,0.24688205,0.7265347,-0.37777777777777777,-0.05555555555555555,left
0.5718472,0.50950384,0.6239489,0.5108495,0.55154973,0.45967096,0.64862406,0.58070743,0.46672451,0.46393383,0.7232333,0.76736754,0.24786794,0.72567976,-0.37777777777777777,-0.05555555555555555,left
0.570755,0.5097787,0.6215586,0.51137716,0.5506296,0.46038654,0.6462253,0.5817066,0.46581945,0.46630937,0.7230204,0.7694276,0.24365872,0.7262996,-0.4,-0.05555555555555555,left
0.5684414,0.5167403,0.6220315,0.5123155,0.5495688,0.46131012,0.6478077,0.5808189,0.4658761,0.46421134,0.72583824,0.7669687,0.24530528,0.7275582,-0.37777777777777777,-0.05555555555555555,left
0.5228357,0.5015168,0.5795095,0.47871977,0.49584118,0.44704446,0.62131584,0.54169595,0.42532742,0.47042346,0.72031605,0.759953,0.24098608,0.73427284,-0.23333333333333334,-0.03333333333333333,half-left
0.52751744,0.51088905,0.58533555,0.4884647,0.499002,0.4538819,0.6248957,0.5472256,0.42673376,0.47096542,0.72715086,0.7610104,0.24201506,0.7332877,-0.24444444444444444,-0.03333333333333333,half-left
0.5323446,0.5110118,0.59079367,0.48466954,0.50313425,0.4486802,0.6338529,0.54374075,0.42997903,0.46859846,0.73675084,0.7628895,0.24246119,0.7321105,-0.24444444444444444,-0.044444444444444446,half-left
0.53338045,0.51226574,0.59171534,0.48588789,0.502586,0.44942227,0.6349579,0.54344535,0.42763415,0.469519,0.7353338,0.767528,0.23468082,0.735337,-0.24444444444444444,-0.044444444444444446,half-left
0.5349243,0.5125726,0.59146094,0.487398,0.50378543,0.4498176,0.63412446,0.54402405,0.42870957,0.46752334,0.73440564,0.76714087,0.23519485,0.7363011,-0.25555555555555554,-0.03333333333333333,half-left
0.53099227,0.5047636,0.5863347,0.48236352,0.50252116,0.4488332,0.62505764,0.5418654,0.42921624,0.4701417,0.7302214,0.7613121,0.24355203,0.7307139,-0.23333333333333334,-0.044444444444444446,half-left
0.427519,0.49780327,0.46329296,0.44480482,0.38037714,0.47587863,0.54819006,0.46669722,0.35131755,0.5308569,0.73273575,0.75777024,0.2388184,0.7355409,0.23333333333333334,-0.03333333333333333,half-right
0.42970514,0.4993829,0.46618173,0.44573262,0.38173681,0.47701362,0.55224735,0.46816918,0.35239017,0.53155726,0.7289199,0.75979173,0.23557344,0.73766375,0.2222222222222222,-0.03333333333333333,half-right
0.4317223,0.49958163,0.4677697,0.44576997,0.38326186,0.47680557,0.550665,0.46651328,0.35330623,0.53109735,0.7319058,0.75878876,0.23706563,0.73870957,0.2222222222222222,-0.022222222222222223,half-right
0.43006867,0.5009917,0.4656884,0.44740447,0.3828333,0.47866756,0.55166596,0.46697673,0.35391185,0.5330653,0.7338545,0.75898755,0.23678014,0.7380497,0.23333333333333334,-0.022222222222222223,half-right
0.43273222,0.5001432,0.46782175,0.44817206,0.38614085,0.47918925,0.55156344,0.4693509,0.3555913,0.53448975,0.73241603,0.7574032,0.23387761,0.7378913,0.23333333333333334,-0.022222222222222223,half-right
0.43188748,0.5015085,0.4683252,0.4478259,0.3849694,0.47811738,0.55150765,0.4700607,0.3561694,0.5318126,0.7321953,0.76013523,0.24076052,0.7327431,0.2222222222222222,-0.03333333333333333,half-right
0.44714075,0.49901867,0.4832058,0.4477041,0.3970296,0.4726224,0.5609286,0.4711495,0.3611491,0.52590984,0.7330977,0.75676095,0.23707749,0.73783,0.17777777777777778,-0.022222222222222223,half-right
0.48777798,0.49874613,0.5370437,0.45801127,0.44505802,0.45548397,0.59554553,0.50186145,0.38918254,0.4931573,0.73346126,0.7670104,0.23684078,0.73978907,-0.022222222222222223,-0.03333333333333333,center
0.48540258,0.49792033,0.5352356,0.45729694,0.44312608,0.4550205,0.5930273,0.50239563,0.3891422,0.49233952,0.73422134,0.7655433,0.23777519,0.73403597,-0.011111111111111112,-0.044444444444444446,center
0.48670492,0.4964655,0.5360155,0.45704722,0.4441496,0.4547506,0.592688,0.5018739,0.38911563,0.49176675,0.7363568,0.7618819,0.2392857,0.7332079,-0.011111111111111112,-0.03333333333333333,center
0.5178968,0.5174005,0.56864977,0.4866354,0.4858467,0.46208864,0.60810846,0.5268867,0.41474676,0.47715276,0.7117365,0.7542771,0.24343964,0.7392787,-0.18888888888888888,-0.022222222222222223,half-left
0.52693564,0.5217953,0.57826436,0.49052328,0.49570113,0.468135,0.61783093,0.52815163,0.41804907,0.47970685,0.7124636,0.75730675,0.24564242,0.74144626,-0.16666666666666666,-0.022222222222222223,half-left
0.4789993,0.5152181,0.5279921,0.48670685,0.44617584,0.46581164,0.5711528,0.52593637,0.37810913,0.4847754,0.6669967,0.75037885,0.20808777,0.7392767,-0.15555555555555556,-0.011111111111111112,half-left
0.47803456,0.5170587,0.52821034,0.49075225,0.4463412,0.4673349,0.57207215,0.52939177,0.37765673,0.48267916,0.6691237,0.7476743,0.21031515,0.73831517,-0.17777777777777778,-0.011111111111111112,half-left
0.5251048,0.53736824,0.57668644,0.5232152,0.5037023,0.4819978,0.60709065,0.5705537,0.41793635,0.47868627,0.67447484,0.74929786,0.21382323,0.73472357,-0.32222222222222224,-0.022222222222222223,left
0.52617174,0.5374015,0.5779326,0.52298194,0.504798,0.48185304,0.6085397,0.5696161,0.41810375,0.4763422,0.6709728,0.7479011,0.21738355,0.74130553,-0.32222222222222224,-0.011111111111111112,left
0.49271116,0.5360683,0.5421592,0.51684356,0.4731371,0.47826087,0.5748719,0.55968744,0.3914178,0.47292536,0.6575965,0.7358542,0.2002544,0.7395442,-0.32222222222222224,0.011111111111111112,left
0.51090753,0.5338241,0.56964004,0.5118129,0.4916201,0.47167683,0.6040896,0.5538938,0.4079564,0.45905793,0.69080114,0.7357983,0.21256432,0.7398677,-0.3,0.011111111111111112,left
0.5059671,0.530434,0.5652235,0.5091725,0.48595136,0.46959856,0.6020523,0.5527271,0.4057832,0.46087906,0.6890016,0.7358029,0.21559772,0.73870057,-0.3,0.0,left
0.5075038,0.52860403,0.56484324,0.50885475,0.4859293,0.46938315,0.5989395,0.5551229,0.4056911,0.46187505,0.6885734,0.73667634,0.21612333,0.7388667,-0.28888888888888886,0.0,left
0.4774485,0.5083986,0.5312621,0.4791376,0.444194,0.45468217,0.574975,0.52419335,0.37765095,0.47419634,0.6883697,0.7383618,0.21108302,0.7473731,-0.17777777777777778,0.011111111111111112,half-left
0.47607875,0.5129188,0.52881086,0.48228815,0.4440098,0.45845282,0.5763128,0.5222035,0.37790567,0.47258896,0.68980414,0.7387438,0.20737702,0.752798,-0.17777777777777778,0.022222222222222223,half-left
0.47554168,0.51385075,0.52983844,0.48351476,0.4442014,0.45824513,0.5772036,0.52570194,0.37794918,0.4716398,0.6898011,0.73722225,0.20820282,0.7530916,-0.17777777777777778,0.022222222222222223,half-left
0.47785547,0.51105404,0.53001577,0.48271656,0.44579387,0.45706546,0.57613266,0.52519846,0.3776316,0.4717179,0.6899663,0.73695385,0.20885521,0.74566317,-0.18888888888888888,0.011111111111111112,half-left
0.4774893,0.511033,0.53152657,0.48235658,0.44763687,0.4566282,0.5757228,0.5260762,0.38102728,0.4717902,0.6910633,0.737087,0.20886013,0.748574,-0.18888888888888888,0.011111111111111112,half-left
0.4628239,0.4957641,0.5137483,0.45773336,0.4261849,0.45139223,0.5752446,0.4947478,0.3741039,0.47513574,0.7045036,0.7456815,0.2294637,0.73723006,-0.044444444444444446,-0.011111111111111112,center
0.44004878,0.50197387,0.49044415,0.45898062,0.40452304,0.458688,0.5630791,0.48960578,0.3586528,0.48589683,0.6993531,0.7450921,0.21908465,0.7426409,0.0,0.0,center
0.4449747,0.50160414,0.49511662,0.45928717,0.4071447,0.4567466,0.56499225,0.4906183,0.36142546,0.48399898,0.69745904,0.7424453,0.22279507,0.73737925,-0.011111111111111112,-0.011111111111111112,center
0.4468954,0.5023732,0.4981749,0.4602304,0.40847465,0.457001,0.5669115,0.4915776,0.36187682,0.48371628,0.7016102,0.7438723,0.22101659,0.7417935,-0.022222222222222223,0.0,center
0.4452968,0.50311625,0.49666604,0.46214938,0.40833122,0.46095744,0.5655906,0.49204123,0.36254978,0.48510754,0.6988128,0.7436577,0.22142501,0.7419587,0.0,0.0,center
0.42944452,0.4897445,0.46901435,0.44399133,0.3858818,0.45715967,0.541889,0.47056603,0.34189647,0.5020569,0.690274,0.74653625,0.22440165,0.73619366,0.08888888888888889,-0.011111111111111112,half-right
0.4175376,0.49354514,0.45220625,0.44357777,0.37257996,0.46745393,0.529219,0.4609038,0.33336967,0.5190002,0.68918145,0.74177694,0.22464491,0.7370286,0.18888888888888888,-0.011111111111111112,half-right
0.41984084,0.4936685,0.4541986,0.44230923,0.37424478,0.467398,0.5312172,0.45964596,0.334823,0.5190358,0.6924756,0.7452523,0.22311261,0.73574543,0.18888888888888888,-0.011111111111111112,half-right
0.4198667,0.4949205,0.45481342,0.4433151,0.3737892,0.46768615,0.5304287,0.46031082,0.33357084,0.518171,0.68980545,0.7414372,0.22442953,0.7365859,0.18888888888888888,-0.011111111111111112,half-right
0.42017874,0.49385494,0.4551725,0.44354844,0.37413526,0.4671564,0.5322748,0.46298173,0.3331784,0.5190256,0.6910651,0.7410211,0.22369209,0.73795414,0.17777777777777778,0.0,half-right
0.3994401,0.49865198,0.43116793,0.4440921,0.35375643,0.48086926,0.5181664,0.4547876,0.3289785,0.53730404,0.7063649,0.74185365,0.23176007,0.7280145,0.2777777777777778,-0.022222222222222223,right
0.39911103,0.497799,0.43130693,0.4441713,0.35334748,0.48057643,0.5205367,0.4559878,0.32644874,0.5378915,0.7047469,0.74054974,0.23295134,0.7358412,0.2777777777777778,-0.011111111111111112,right
0.4016056,0.4961891,0.4326559,0.44337317,0.35558447,0.47920653,0.51961035,0.45404878,0.32609403,0.5368456,0.70485926,0.7432669,0.23014478,0.7338713,0.2777777777777778,-0.011111111111111112,right
0.38326326,0.487134,0.41255814,0.4362922,0.34243357,0.48038152,0.50853425,0.45205387,0.3204946,0.54367274,0.7056462,0.7413378,0.23134713,0.7337804,0.35555555555555557,-0.011111111111111112,right
0.38539892,0.48788416,0.41541904,0.43627188,0.34417734,0.48056808,0.50818974,0.4504095,0.32075784,0.54392165,0.70359284,0.7393771,0.231029,0.7330181,0.35555555555555557,-0.011111111111111112,right
0.4645773,0.45162413,0.5157723,0.41023922,0.4209384,0.40638652,0.575882,0.45411944,0.36378318,0.44342056,0.7238509,0.7444092,0.20582622,0.7290543,-0.022222222222222223,-0.022222222222222223,center
0.42904866,0.46191767,0.4501699,0.403955,0.37006575,0.44741866,0.5237743,0.40401635,0.31684124,0.52189696,0.7155646,0.7446247,0.21709412,0.7222732,0.3111111111111111,-0.03333333333333333,right
0.5346463,0.4992178,0.59921277,0.48642275,0.5168478,0.4331041,0.6438778,0.54498893,0.44355735,0.4179386,0.71758604,0.7536344,0.2091209,0.71620476,-0.36666666666666664,-0.044444444444444446,left
0.47794166,0.4965456,0.54070663,0.465901,0.4481758,0.4367762,0.5898433,0.5147557,0.37663457,0.45004922,0.69875395,0.75738704,0.1879982,0.7489889,-0.2,-0.011111111111111112,half-left
0.52012753,0.5144751,0.58230275,0.49965343,0.5030452,0.45166665,0.62501425,0.55411446,0.42402568,0.43379414,0.7028194,0.7629736,0.18975504,0.74209124,-0.3333333333333333,-0.022222222222222223,left
0.5185298,0.5289285,0.5834322,0.507694,0.49824163,0.46236762,0.62666905,0.5583688,0.42074308,0.43707386,0.7009132,0.76280385,0.19157954,0.74243003,-0.3111111111111111,-0.022222222222222223,left
0.47337174,0.499696,0.5345705,0.46758524,0.44407812,0.4416131,0.5894664,0.51229906,0.3764715,0.45235726,0.6999746,0.75517374,0.18880121,0.7508547,-0.17777777777777778,-0.011111111111111112,half-left
0.47018215,0.47658625,0.5217976,0.43305677,0.42942718,0.4264998,0.576937,0.47525635,0.3702761,0.45732337,0.719291,0.76348037,0.19878228,0.7543773,-0.05555555555555555,-0.011111111111111112,center
0.4297912,0.47751135,0.46303207,0.42412248,0.37193775,0.44948885,0.5394831,0.44413194,0.31734633,0.5113089,0.7170099,0.75636435,0.20317505,0.7551431,0.16666666666666666,0.0,half-right
0.39437807,0.47633564,0.42102855,0.41503185,0.33852774,0.46549052,0.5125514,0.4144357,0.29859626,0.5409988,0.7147933,0.7535642,0.21502866,0.7476116,0.34444444444444444,-0.011111111111111112,right
0.39468944,0.47559997,0.42009845,0.41622442,0.33913246,0.4640642,0.5100892,0.4201693,0.29935092,0.5394436,0.7179964,0.7567391,0.2111142,0.754175,0.34444444444444444,0.0,right
0.41991442,0.47494012,0.45518616,0.4221078,0.36612225,0.45157638,0.5378082,0.4389305,0.31596395,0.5151329,0.7229743,0.75595886,0.20816262,0.75381964,0.2,0.0,half-right
0.4690589,0.48161855,0.51690507,0.43511513,0.4226513,0.43297204,0.5742559,0.47051212,0.3601652,0.4627243,0.7232197,0.7650988,0.20718692,0.75328684,-0.011111111111111112,-0.011111111111111112,center
0.37421966,0.63761437,0.40710703,0.57892793,0.32123333,0.604625,0.49515334,0.5057009,0.2652532,0.59014577,0.7171517,0.7565549,0.2050086,0.76002514,0.17777777777777778,0.0,wrong-right-forward
0.37454984,0.63732,0.40533024,0.58066356,0.32094628,0.6049892,0.4900327,0.50585407,0.26519018,0.5903086,0.71752113,0.76036364,0.20768996,0.7524663,0.18888888888888888,-0.011111111111111112,wrong-right-forward
0.55574435,0.65310156,0.6084837,0.62286127,0.53207374,0.5892112,0.64598256,0.6191537,0.4396855,0.5034205,0.6893841,0.76496327,0.18564442,0.73778784,-0.25555555555555554,-0.03333333333333333,wrong-left-forward
0.5487371,0.65440166,0.60348195,0.6215495,0.52333385,0.58986497,0.6427076,0.6151614,0.4350686,0.5029633,0.68745905,0.7590609,0.1847803,0.74076015,-0.23333333333333334,-0.022222222222222223,wrong-left-forward
0.5439624,0.5946523,0.6113163,0.57401,0.52749765,0.518267,0.6703686,0.6023406,0.45772567,0.46423382,0.7149712,0.7193758,0.19208895,0.7376183,-0.37777777777777777,0.022222222222222223,wrong-left-shoulder
0.54774576,0.5954021,0.61408997,0.5748879,0.53332156,0.5219337,0.6695289,0.60110277,0.4582158,0.46230072,0.7142071,0.71869045,0.1885355,0.733792,-0.35555555555555557,0.022222222222222223,wrong-left-shoulder
0.3586382,0.57306,0.3777521,0.5051899,0.30294555,0.55242485,0.46064854,0.4582004,0.26796597,0.58213615,0.7281585,0.7537107,0.21024378,0.6778366,0.35555555555555557,-0.08888888888888889,wrong-right-shoulder
0.3560986,0.57573426,0.3755994,0.50798684,0.29808763,0.5562027,0.46436584,0.45778105,0.2683577,0.58348703,0.7227042,0.75702417,0.20937674,0.6833502,0.34444444444444444,-0.08888888888888889,wrong-right-shoulder
0.35625175,0.5757826,0.379912,0.50965846,0.30085048,0.5561855,0.47005737,0.4603178,0.266615,0.58612883,0.7228673,0.75315887,0.2150489,0.6799958,0.3333333333333333,-0.08888888888888889,wrong-right-shoulder
0.35833022,0.5793268,0.38205874,0.5127412,0.3013603,0.55772465,0.47719467,0.4603301,0.265957,0.5865345,0.7189856,0.7526247,0.21583162,0.68450963,0.3111111111111111,-0.08888888888888889,wrong-right-shoulder
0.33814257,0.5565129,0.3575085,0.48859608,0.2765291,0.54011893,0.449148,0.43849686,0.2418875,0.5716809,0.7029985,0.7357146,0.18453081,0.67675364,0.35555555555555557,-0.06666666666666667,wrong-right-shoulder
0.58486336,0.5776317,0.64067924,0.5471957,0.5651135,0.5023786,0.6784341,0.56578565,0.47357523,0.43794677,0.71138644,0.7037862,0.18812057,0.7219894,-0.34444444444444444,0.022222222222222223,wrong-left-shoulder
0.58206195,0.57777,0.63715416,0.54856056,0.5616913,0.50293505,0.6749011,0.56851035,0.4709913,0.44402465,0.70871055,0.70573014,0.18868925,0.72321427,-0.35555555555555557,0.022222222222222223,wrong-left-shoulder
0.5950156,0.65855896,0.6433978,0.6189495,0.5650267,0.59780705,0.6730564,0.6036228,0.45802397,0.5168647,0.708444,0.761955,0.19219756,0.72914225,-0.17777777777777778,-0.044444444444444446,wrong-left-forward
0.5950305,0.6567944,0.6422781,0.6181954,0.5655137,0.5955961,0.67408496,0.60651577,0.45951408,0.51900023,0.70652306,0.7637425,0.18976723,0.72683287,-0.17777777777777778,-0.044444444444444446,wrong-left-forward
0.4875629,0.56715316,0.5133468,0.5084081,0.43220404,0.54899865,0.5638927,0.51720583,0.37850115,0.5906142,0.7297517,0.73229676,0.3095485,0.6736819,0.3,-0.08888888888888889,wrong-right-shoulder
0.4888502,0.56435114,0.52041197,0.50605065,0.4331795,0.5454292,0.5683822,0.5164689,0.37957007,0.5865557,0.7280395,0.7335837,0.3071562,0.6733935,0.2777777777777778,-0.08888888888888889,wrong-right-shoulder
0.42938378,0.60460705,0.4710909,0.53866285,0.37844837,0.5764166,0.5507936,0.50576395,0.36309367,0.5735184,0.7293681,0.72083944,0.27808172,0.71086186,0.24444444444444444,-0.011111111111111112,wrong-right-forward
0.43277687,0.6066601,0.4725566,0.5464391,0.38166338,0.57764435,0.54617244,0.5106878,0.36903858,0.56853217,0.73193216,0.7206253,0.27972993,0.7154342,0.2111111111111111,-0.011111111111111112,wrong-right-forward
0.428884,0.6091763,0.46323827,0.55220765,0.37774745,0.58184755,0.54240113,0.51295066,0.3714518,0.57505774,0.730558,0.7185409,0.27980492,0.7151193,0.2111111111111111,0.0,wrong-right-forward
0.47840574,0.5098154,0.49745604,0.46024406,0.4188598,0.5132814,0.53553,0.45877394,0.37524495,0.5743327,0.73330915,0.7035669,0.29148853,0.64789826,0.37777777777777777,-0.07777777777777778,wrong-right-shoulder
0.4768921,0.5102784,0.49377137,0.4607448,0.4166843,0.5148235,0.5350215,0.46195444,0.375698,0.58043,0.73463213,0.70411015,0.2890749,0.6475804,0.3888888888888889,-0.07777777777777778,wrong-right-shoulder
0.4845966,0.5184865,0.4967627,0.46413696,0.41988495,0.5167029,0.5371841,0.463518,0.37183028,0.57974005,0.73133767,0.7038363,0.2885856,0.65139693,0.37777777777777777,-0.07777777777777778,wrong-right-shoulder
0.6338866,0.6328325,0.6627484,0.6028045,0.6124028,0.57613754,0.6637621,0.5966285,0.5081683,0.52401346,0.71282655,0.7060683,0.27131468,0.7208204,-0.3,0.022222222222222223,wrong-left-forward
0.6321424,0.5979167,0.6645201,0.5715949,0.60914695,0.53985655,0.6625092,0.583568,0.51482546,0.5138836,0.7308788,0.7200351,0.3462173,0.7140937,-0.32222222222222224,-0.011111111111111112,wrong-left-forward
0.62382704,0.58663213,0.66474956,0.5506219,0.60404813,0.5264669,0.67086136,0.55587786,0.50987715,0.49798545,0.75277376,0.6980355,0.3480476,0.6942423,-0.24444444444444444,0.0,wrong-left-forward
0.6205859,0.5904427,0.66417056,0.5554024,0.5999064,0.5278243,0.67270046,0.56284606,0.5117906,0.4941006,0.7479178,0.69953966,0.34788528,0.69508636,-0.25555555555555554,-0.011111111111111112,wrong-left-forward
0.5938997,0.55624956,0.62888175,0.5462723,0.57441586,0.5039153,0.63748366,0.58136255,0.47933894,0.49665773,0.6654763,0.6705523,0.28765616,0.7180785,-0.4222222222222222,0.07777777777777778,wrong-left-shoulder
0.59566957,0.5546647,0.6300926,0.54617625,0.5761273,0.50268424,0.63626075,0.5831894,0.48120973,0.49514353,0.6694157,0.6825006,0.28793505,0.71624583,-0.43333333333333335,0.05555555555555555,wrong-left-shoulder
0.5931545,0.5654946,0.62794423,0.5523514,0.57200885,0.51393867,0.6314646,0.5835675,0.48107287,0.5031229,0.6652428,0.6783819,0.2882733,0.71613544,-0.4,0.06666666666666667,wrong-left-shoulder
0.58930045,0.5453387,0.62722677,0.5319067,0.5675321,0.49871734,0.6434759,0.5865858,0.48001924,0.5045821,0.68287045,0.66675526,0.28828773,0.71408343,-0.32222222222222224,0.07777777777777778,wrong-left-shoulder
0.59482485,0.5400798,0.62942225,0.52920586,0.5718986,0.49647576,0.6441057,0.57987,0.48156124,0.5060235,0.6901426,0.67006963,0.28809178,0.7134972,-0.3333333333333333,0.06666666666666667,wrong-left-shoulder
0.5953198,0.5389342,0.6299967,0.53144556,0.5754166,0.49368843,0.64393073,0.5866704,0.48666018,0.5021719,0.68494785,0.6677462,0.29231596,0.7114484,-0.4,0.06666666666666667,wrong-left-shoulder
0.5949317,0.5368149,0.6315701,0.5268683,0.5748152,0.49066243,0.64754856,0.5855567,0.48713437,0.5018059,0.68440324,0.6730354,0.29260367,0.71232486,-0.35555555555555557,0.06666666666666667,wrong-left-shoulder
0.5171124,0.523921,0.55418366,0.48966467,0.47788492,0.49019745,0.5888099,0.5224113,0.4351684,0.5212951,0.72713,0.7179328,0.30259377,0.7146867,0.0,0.0,center
0.50343436,0.5390386,0.5406907,0.50413656,0.4641136,0.5034341,0.5724242,0.53285575,0.4203861,0.52873737,0.6895895,0.7134528,0.30110264,0.72561496,0.0,0.022222222222222223,center
